smiles,iupac_name,is_toxic
O=C([O-])[C@@H](O)[C@@H](O)[C@H](O)[C@@H](O)C(=O)[O-],"(2S,3S,4S,5R)-2,3,4,5-tetrahydroxyhexanedioate",0
[H]/[NH+]=C(\N)c1ccc(OCCCCCOc2ccc(/C(N)=[NH+]/[H])cc2)cc1,[amino-[4-[5-[4-[amino(azaniumylidene)methyl]phenoxy]pentoxy]phenyl]methylidene]azanium,0
[N]=O,nitroxyl,0
O=[99Tc](=O)(=O)[O-],oxido(trioxo)(99Tc)technetium-99,0
O=P([O-])([O-])F,fluoro-dioxido-oxo-lambda5-phosphane,0
O=S([O-])([O-])=S,dioxido-oxo-sulfanylidene-lambda6-sulfane,0
[Se],selenium,1
C#CC[NH2+][C@@H]1CCc2ccccc21,"[(1R)-2,3-dihydro-1H-inden-1-yl]-prop-2-ynylazanium",0
[NH3+][C@@H](CS)C(=O)[O-],(2R)-2-azaniumyl-3-sulfanylpropanoate,0
OC[C@H]1O[C@H](O)[C@H](F)[C@@H](O)[C@@H]1O,"(2S,3R,4S,5S,6R)-3-fluoro-6-(hydroxymethyl)oxane-2,4,5-triol",0
O=C[C@H](O)[C@@H](O)[C@H](O)CO,"(2R,3S,4R)-2,3,4,5-tetrahydroxypentanal",0
NC(N)=[NH2+],diaminomethylideneazanium,0
O=C([O-])C(S)C(S)C(=O)[O-],"2,3-bis(sulfanyl)butanedioate",0
O=P([O-])([O-])OCC(Cl)(Cl)Cl,"2,2,2-trichloroethyl phosphate",0
[NH3+]C(CO)(CO)CO,"[1,3-dihydroxy-2-(hydroxymethyl)propan-2-yl]azanium",0
O=[N+]([O-])OCC(CO[N+](=O)[O-])O[N+](=O)[O-],"1,3-dinitrooxypropan-2-yl nitrate",0
FC(F)(F)C(F)(F)C(F)(F)F,"1,1,1,2,2,3,3,3-octafluoropropane",0
FC(F)=C(F)F,"1,1,2,2-tetrafluoroethene",0
[NH3+]CC(=O)[O-],2-azaniumylacetate,0
O=C([O-])/C=C/C(=O)[O-],(E)-but-2-enedioate,0
NC(N)=[NH+]CCC[C@H]([NH3+])C(=O)[O-],(2S)-2-azaniumyl-5-(diaminomethylideneazaniumyl)pentanoate,0
[NH3+]CCC(O)(P(=O)([O-])[O-])P(=O)([O-])[O-],"(3-hydroxy-3,3-diphosphonatopropyl)azanium",0
[NH3+]CCC[NH2+]CCSP(=O)([O-])[O-],3-azaniumylpropyl(2-phosphonatosulfanylethyl)azanium,0
[NH3+]CCCC([NH3+])(C(=O)[O-])C(F)F,"2,5-bis(azaniumyl)-2-(difluoromethyl)pentanoate",0
[NH3+]CCCC(O)(P(=O)([O-])[O-])P(=O)([O-])[O-],"(4-hydroxy-4,4-diphosphonatobutyl)azanium",0
[NH3+]CC(=O)CCC(=O)[O-],5-azaniumyl-4-oxopentanoate,0
NC(=O)CC[C@H]([NH3+])C(=O)[O-],(2S)-5-amino-2-azaniumyl-5-oxopentanoate,0
[NH3+][C@@H](CCC(=O)N[C@@H](CSSC[C@H](NC(=O)CC[C@H]([NH3+])C(=O)[O-])C(=O)NCC(=O)[O-])C(=O)NCC(=O)[O-])C(=O)[O-],(2S)-2-azaniumyl-5-[[(2R)-3-[[(2R)-2-[[(4S)-4-azaniumyl-4-carboxylatobutanoyl]amino]-3-(carboxylatomethylamino)-3-oxopropyl]disulfanyl]-1-(carboxylatomethylamino)-1-oxopropan-2-yl]amino]-5-oxopentanoate,0
[NH3+]CCCCCC(=O)[O-],6-azaniumylhexanoate,0
O=C([O-])CCCCCCCC(=O)[O-],nonanedioate,0
O=C([O-])CN(CC[NH+](CC(=O)[O-])CC(=O)[O-])CC(=O)[O-],2-[2-[bis(carboxylatomethyl)amino]ethyl-(carboxylatomethyl)azaniumyl]acetate,0
O=C([O-])CN(CC[NH+](CC(=O)[O-])CC(=O)[O-])CC[NH+](CC(=O)[O-])CC(=O)[O-],2-[2-[2-[bis(carboxylatomethyl)azaniumyl]ethyl-(carboxylatomethyl)amino]ethyl-(carboxylatomethyl)azaniumyl]acetate,0
[NH3+]CCS,2-sulfanylethylazanium,0
C/[NH+]=C1/CN([O-])C(c2ccccc2)=c2cc(Cl)ccc2=N1,"7-chloro-4-hydroxy-N-methyl-5-phenyl-3H-1,4-benzodiazepin-2-imine",0
C/C=C/C1=C(C(=O)[O-])N2C(=O)[C@@H](NC(=O)[C@H]([NH3+])c3ccc(O)cc3)[C@H]2SC1,"(6R,7R)-7-[[(2R)-2-azaniumyl-2-(4-hydroxyphenyl)acetyl]amino]-8-oxo-3-[(E)-prop-1-enyl]-5-thia-1-azabicyclo[4.2.0]oct-2-ene-2-carboxylate",0
C/C=C1\NC(=O)[C@H]2CSSCC/C=C/[C@H](CC(=O)N[C@H](C(C)C)C(=O)N2)OC(=O)[C@H](C(C)C)NC1=O,"(1S,4S,7Z,10S,16E,21R)-7-ethylidene-4,21-di(propan-2-yl)-2-oxa-12,13-dithia-5,8,20,23-tetrazabicyclo[8.7.6]tricos-16-ene-3,6,9,19,22-pentone",0
NC(=[NH2+])NC(=O)c1nc(Cl)c(N)nc1N,"(3,5-diamino-6-chloropyrazine-2-carbonyl)-(diaminomethylidene)azanium",0
[NH3+]C[C@H]1O[C@H](O[C@H]2[C@H](O)[C@@H](O[C@H]3O[C@H](CO)[C@@H](O)[C@H]([NH3+])[C@H]3O)[C@H]([NH3+])C[C@@H]2[NH3+])[C@H]([NH3+])C[C@@H]1O,"[(1S,2R,3S,4S,5R)-5-azaniumyl-2-[(2R,3R,5S,6R)-3-azaniumyl-6-(azaniumylmethyl)-5-hydroxyoxan-2-yl]oxy-4-[(2S,3R,4S,5S,6R)-4-azaniumyl-3,5-dihydroxy-6-(hydroxymethyl)oxan-2-yl]oxy-3-hydroxycyclohexyl]azanium",0
[NH3+]CC[C@H](O)C(=O)N[C@@H]1C[C@H]([NH3+])[C@@H](O[C@H]2O[C@H](C[NH3+])[C@@H](O)[C@H](O)[C@H]2O)[C@H](O)[C@H]1O[C@H]1O[C@H](CO)[C@@H](O)[C@H]([NH3+])[C@H]1O,"[(2R,3S,4S,5R,6R)-6-[(1R,2S,3S,4R,6S)-6-azaniumyl-3-[(2S,3R,4S,5S,6R)-4-azaniumyl-3,5-dihydroxy-6-(hydroxymethyl)oxan-2-yl]oxy-4-[[(2S)-4-azaniumyl-2-hydroxybutanoyl]amino]-2-hydroxycyclohexyl]oxy-3,4,5-trihydroxyoxan-2-yl]methylazanium",0
OCC[NH+]1C[C@H](O)[C@@H](O)[C@H](O)[C@H]1CO,"(2R,3R,4R,5S)-1-(2-hydroxyethyl)-2-(hydroxymethyl)piperidin-1-ium-3,4,5-triol",0
[NH3+]C[C@H]1CC[C@H](C(=O)[O-])CC1,4-(azaniumylmethyl)cyclohexane-1-carboxylate,0
NC(=O)N/C=C1\NC(=O)[C@H](CO)NC(=O)[C@H](CO)NC(=O)[C@@H](NC(=O)C[C@@H]([NH3+])CCC[NH3+])CNC(=O)[C@H]([C@H]2C[C@H](O)[NH+]=C(N)N2)NC1=O,"[(3S)-1-[[(3S,6Z,9S,12S,15S)-3-[(4R,6S)-2-amino-6-hydroxy-1,4,5,6-tetrahydropyrimidin-3-ium-4-yl]-6-[(carbamoylamino)methylidene]-9,12-bis(hydroxymethyl)-2,5,8,11,14-pentaoxo-1,4,7,10,13-pentazacyclohexadec-15-yl]amino]-6-azaniumyl-1-oxohexan-3-yl]azanium",0
N#C[C@@H]1C[C@@H]2C[C@@H]2N1C(=O)[C@@H]([NH3+])C12CC3CC(CC(O)(C3)C1)C2,"[(1S)-2-[(1S,3S,5S)-3-cyano-2-azabicyclo[3.1.0]hexan-2-yl]-1-(3-hydroxy-1-adamantyl)-2-oxoethyl]azanium",0
[NH3+]C[C@@H]1O[C@H](O[C@H]2[C@@H](O)[C@H](O[C@@H]3[C@@H](O)[C@H]([NH3+])C[C@H]([NH3+])[C@H]3O[C@H]3O[C@H](C[NH3+])[C@@H](O)[C@H](O)[C@H]3[NH3+])O[C@@H]2CO)[C@H]([NH3+])[C@@H](O)[C@@H]1O,"[(1S,2R,3R,4S,5R)-5-azaniumyl-2-[(2R,3R,4R,5S,6R)-3-azaniumyl-6-(azaniumylmethyl)-4,5-dihydroxyoxan-2-yl]oxy-3-[(2S,3R,4S,5R)-4-[(2R,3R,4R,5S,6S)-3-azaniumyl-6-(azaniumylmethyl)-4,5-dihydroxyoxan-2-yl]oxy-3-hydroxy-5-(hydroxymethyl)oxolan-2-yl]oxy-4-hydroxycyclohexyl]azanium",0
[NH3+]C[C@H]1O[C@H](O[C@H]2[C@H](O)[C@@H](O[C@H]3O[C@H](CO)[C@@H](O)[C@H]([NH3+])[C@H]3O)[C@H]([NH3+])C[C@@H]2[NH3+])[C@H](O)[C@@H](O)[C@@H]1O,"[(1R,2S,3R,4R,5S)-5-azaniumyl-2-[(2S,3R,4S,5S,6R)-4-azaniumyl-3,5-dihydroxy-6-(hydroxymethyl)oxan-2-yl]oxy-4-[(2R,3R,4S,5S,6R)-6-(azaniumylmethyl)-3,4,5-trihydroxyoxan-2-yl]oxy-3-hydroxycyclohexyl]azanium",0
[NH3+]C[C@@H]1O[C@H](O[C@H]2[C@@H](O)[C@H](O[C@@H]3[C@@H](O)[C@H]([NH3+])C[C@H]([NH3+])[C@H]3O[C@H]3O[C@H](CO)[C@@H](O)[C@H](O)[C@H]3[NH3+])O[C@@H]2CO)[C@H]([NH3+])[C@@H](O)[C@@H]1O,"[(1S,2R,3R,4S,5R)-5-azaniumyl-3-[(2S,3R,4S,5R)-4-[(2R,3R,4R,5S,6S)-3-azaniumyl-6-(azaniumylmethyl)-4,5-dihydroxyoxan-2-yl]oxy-3-hydroxy-5-(hydroxymethyl)oxolan-2-yl]oxy-2-[(2S,3R,4R,5S,6R)-3-azaniumyl-4,5-dihydroxy-6-(hydroxymethyl)oxan-2-yl]oxy-4-hydroxycyclohexyl]azanium",0
[NH3+][C@@H]1CONC1=O,"[(4R)-3-oxo-1,2-oxazolidin-4-yl]azanium",0
O=C([O-])CCCC[C@@H]1SC[C@@H]2NC(=O)N[C@@H]21,"5-[(3aS,4S,6aR)-2-oxo-1,3,3a,4,6,6a-hexahydrothieno[3,4-d]imidazol-4-yl]pentanoate",0
[NH3+]CCc1cnc[nH]1,2-(1H-imidazol-5-yl)ethylazanium,0
O=C(CCCCC(=O)Nc1c(I)cc(I)c(C(=O)[O-])c1I)Nc1c(I)cc(I)c(C(=O)[O-])c1I,"3-[[6-(3-carboxylato-2,4,6-triiodoanilino)-6-oxohexanoyl]amino]-2,4,6-triiodobenzoate",0
[NH3+][C@@H](CC(=O)N1CCn2c(nnc2C(F)(F)F)C1)Cc1cc(F)c(F)cc1F,"[(2R)-4-oxo-4-[3-(trifluoromethyl)-6,8-dihydro-5H-[1,2,4]triazolo[4,3-a]pyrazin-7-yl]-1-(2,4,5-trifluorophenyl)butan-2-yl]azanium",0
Nc1cc(Cl)c(NC2=[NH+]CCN2)c(Cl)c1,"2,6-dichloro-1-N-(4,5-dihydro-1H-imidazol-3-ium-2-yl)benzene-1,4-diamine",0
N#Cc1cc(NC(=O)C(=O)[O-])c(Cl)c(NC(=O)C(=O)[O-])c1,2-[3-[(carboxylatoformyl)amino]-2-chloro-5-cyanoanilino]-2-oxoacetate,0
Nc1nc(=O)c2c([nH]1)NCC(CNc1ccc(C(=O)N[C@@H](CCC(=O)O)C(=O)O)cc1)N2C=O,"(2S)-2-[[4-[(2-amino-5-formyl-4-oxo-3,6,7,8-tetrahydropteridin-6-yl)methylamino]benzoyl]amino]pentanedioic acid",1
Nc1nc(/C(=C/CC(=O)[O-])C(=O)N[C@@H]2C(=O)N3C(C(=O)[O-])=CCS[C@H]23)cs1,"(6R,7R)-7-[[(Z)-2-(2-amino-1,3-thiazol-4-yl)-4-carboxylatobut-2-enoyl]amino]-8-oxo-5-thia-1-azabicyclo[4.2.0]oct-2-ene-2-carboxylate",0
O=C([O-])c1cn(C2CC2)c2cc(N3CC[NH2+]CC3)c(F)cc2c1=O,1-cyclopropyl-6-fluoro-4-oxo-7-piperazin-4-ium-1-ylquinoline-3-carboxylate,0
[NH3+]C12CC3CC(CC(C3)C1)C2,1-adamantylazanium,0
C1=C/C(=C2\N=c3cnc4c(c3=N2)COCC4)NO1,"4-(1,2-oxazol-3-yl)-12-oxa-3,5,8-triazatricyclo[7.4.0.02,6]trideca-1,3,6,8-tetraene",0
Nc1cc[nH+]cc1,pyridin-1-ium-4-amine,0
[NH3+]CCc1cc[nH]n1,2-(1H-pyrazol-5-yl)ethylazanium,0
O=C1CCc2ccc(OCCCC[NH+]3CCN(c4cccc(Cl)c4Cl)CC3)cc2N1,"7-[4-[4-(2,3-dichlorophenyl)piperazin-1-ium-1-yl]butoxy]-3,4-dihydro-1H-quinolin-2-one",0
Clc1cccc(Cl)c1NC1=[NH+]CCN1,"N-(2,6-dichlorophenyl)-4,5-dihydro-1H-imidazol-3-ium-2-amine",0
O=C1CN2Cc3c(ccc(Cl)c3Cl)[NH+]=C2N1,"6,7-dichloro-1,3,5,10-tetrahydroimidazo[2,1-b]quinazolin-4-ium-2-one",0
Brc1c(NC2=[NH+]CCN2)ccc2nccnc12,"5-bromo-N-(4,5-dihydro-1H-imidazol-3-ium-2-yl)quinoxalin-6-amine",0
Clc1ccc2nsnc2c1NC1=[NH+]CCN1,"5-chloro-N-(4,5-dihydro-1H-imidazol-3-ium-2-yl)-2,1,3-benzothiadiazol-4-amine",0
[NH3+]C[C@H](O)c1ccc(O)c(O)c1,"[(2R)-2-(3,4-dihydroxyphenyl)-2-hydroxyethyl]azanium",0
O=C1CCCC(=O)[C-]1C(=O)c1ccc(C(F)(F)F)cc1[N+](=O)[O-],"(2,6-dioxocyclohexylidene)-[2-nitro-4-(trifluoromethyl)phenyl]methanolate",0
O=C(Nc1c(Cl)cncc1Cl)c1ccc(OC(F)F)c(OCC2CC2)c1,"3-(cyclopropylmethoxy)-N-(3,5-dichloro-4-pyridinyl)-4-(difluoromethoxy)benzamide",0
O=C([O-])c1cc(-c2ccc(F)cc2F)ccc1O,"2-carboxy-4-(2,4-difluorophenyl)phenolate",0
[NH3+][C@@H](Cc1ccc(O)c(O)c1)C(=O)[O-],"(2S)-2-azaniumyl-3-(3,4-dihydroxyphenyl)propanoate",0
[NH3+]CCc1ccc(O)c(O)c1,"2-(3,4-dihydroxyphenyl)ethylazanium",0
O=C(NS(=O)(=O)c1ccc(Br)s1)c1ccc(Cl)cc1Cl,"N-(5-bromothiophen-2-yl)sulfonyl-2,4-dichlorobenzamide",1
[NH3+][C@@H]1[C@H]2CN(c3nc4c(cc3F)c(=O)c(C(=O)[O-])cn4-c3ccc(F)cc3F)C[C@@H]12,"7-[(1R,5S)-6-azaniumyl-3-azabicyclo[3.1.0]hexan-3-yl]-1-(2,4-difluorophenyl)-6-fluoro-4-oxo-1,8-naphthyridine-3-carboxylate",0
Nc1ccc(O)c(C(=O)[O-])c1,4-amino-2-carboxyphenolate,0
[NH3+][C@@H](Cc1cc(I)c(Oc2ccc(O)c(I)c2)c(I)c1)C(=O)[O-],"(2S)-2-azaniumyl-3-[4-(4-hydroxy-3-iodophenoxy)-3,5-diiodophenyl]propanoate",0
O=C(O)C1(C(=O)O)CCC1,"cyclobutane-1,1-dicarboxylic acid",1
O=C1CC[C@@]2(O)[C@H]3Cc4ccc(O)c5c4[C@@]2(CC[NH+]3CC2CC2)[C@H]1O5,"(4R,4aS,7aR,12bS)-3-(cyclopropylmethyl)-4a,9-dihydroxy-1,2,3,4,5,6,7a,13-octahydro-4,12-methanobenzofuro[3,2-e]isoquinolin-3-ium-7-one",0
Oc1ccc2c3c1O[C@H]1[C@@H](O)CC[C@@]4(O)[C@@H](C2)[NH+](CC2CCC2)CC[C@]314,"(4R,4aS,7S,7aR,12bS)-3-(cyclobutylmethyl)-2,3,4,5,6,7,7a,13-octahydro-1H-4,12-methanobenzofuro[3,2-e]isoquinolin-3-ium-4a,7,9-triol",0
NC(N)=[NH+]Cc1cccc([131I])c1,diaminomethylidene-[(3-(131I)iodophenyl)methyl]azanium,0
Fc1ccc([C@@H]2CC[NH2+]C[C@H]2COc2ccc3c(c2)OCO3)cc1,"(3S,4R)-3-(1,3-benzodioxol-5-yloxymethyl)-4-(4-fluorophenyl)piperidin-1-ium",0
[NH3+]CC(CC(=O)[O-])c1ccc(Cl)cc1,4-azaniumyl-3-(4-chlorophenyl)butanoate,0
Nc1nc(=O)c2c([nH]1)NC[C@H](CNc1ccc(C(=O)N[C@@H](CCC(=O)[O-])C(=O)[O-])cc1)N2C=O,"(2S)-2-[[4-[[(6S)-2-amino-5-formyl-4-oxo-3,6,7,8-tetrahydropteridin-6-yl]methylamino]benzoyl]amino]pentanedioate",0
Nc1nc(=O)c2nc(CNc3ccc(C(=O)N[C@@H](CCC(=O)[O-])C(=O)[O-])cc3)cnc2[nH]1,(2S)-2-[[4-[(2-amino-4-oxo-3H-pteridin-6-yl)methylamino]benzoyl]amino]pentanedioate,0
Nc1ccc(C(=O)NCC(=O)[O-])cc1,2-[(4-aminobenzoyl)amino]acetate,0
O=C([O-])CCNC(=O)c1ccc(N/N=C2/C=CC(=O)C(C(=O)[O-])=C2)cc1,3-[[4-[(3-carboxy-4-oxidophenyl)diazenyl]benzoyl]amino]propanoate,0
O=C(c1ccc(OCC[NH+]2CCCCC2)cc1)c1c(-c2ccc(O)cc2)sc2cc(O)ccc12,[6-hydroxy-2-(4-hydroxyphenyl)-1-benzothiophen-3-yl]-[4-(2-piperidin-1-ium-1-ylethoxy)phenyl]methanone,0
Oc1ccc(C2C[NH2+]CCc3c2cc(O)c(O)c3Cl)cc1,"9-chloro-5-(4-hydroxyphenyl)-2,3,4,5-tetrahydro-1H-3-benzazepin-3-ium-7,8-diol",0
O=C1CN(/N=C/c2ccc(-c3ccc([N+](=O)[O-])cc3)o2)C(=O)N1,"1-[(E)-[5-(4-nitrophenyl)furan-2-yl]methylideneamino]imidazolidine-2,4-dione",0
[NH3+][C@@H](Cc1ccc(N(CCCl)CCCl)cc1)C(=O)[O-],(2S)-2-azaniumyl-3-[4-[bis(2-chloroethyl)amino]phenyl]propanoate,0
[NH3+][C@@H](Cc1ccc(O)cc1)C(=O)[O-],(2S)-2-azaniumyl-3-(4-hydroxyphenyl)propanoate,0
NS(=O)(=O)c1ccc(C[NH3+])cc1,(4-sulfamoylphenyl)methylazanium,0
Nc1nc(=O)c2c(CCc3ccc(C(=O)N[C@@H](CCC(=O)O)C(=O)O)cc3)c[nH]c2[nH]1,"(2S)-2-[[4-[2-(2-amino-4-oxo-3,7-dihydropyrrolo[2,3-d]pyrimidin-5-yl)ethyl]benzoyl]amino]pentanedioic acid",1
O=C([O-])CCCc1ccc(N(CCCl)CCCl)cc1,4-[4-[bis(2-chloroethyl)amino]phenyl]butanoate,0
[NH2+]=C(NCCCCCCNC(=[NH2+])NC(=[NH2+])Nc1ccc(Cl)cc1)NC(=[NH2+])Nc1ccc(Cl)cc1,[amino-[6-[amino-[amino-(4-chloroanilino)methylidene]azaniumylmethylidene]azaniumylhexylazaniumylidene]methyl]-[amino-(4-chloroanilino)methylidene]azanium,0
O=P([O-])([O-])C(Sc1ccc(Cl)cc1)P(=O)([O-])[O-],[(4-chlorophenyl)sulfanyl-phosphonatomethyl]-dioxido-oxo-lambda5-phosphane,0
O=P([O-])([O-])C(O)(Cc1cccnc1)P(=O)([O-])[O-],"1,1-diphosphonato-2-pyridin-3-ylethanol",0
Nc1cccc2c1C(=O)N(C1CCC(=O)NC1=O)C2=O,"4-amino-2-(2,6-dioxopiperidin-3-yl)isoindole-1,3-dione",1
NS(=O)(=O)c1cc(C(=O)[O-])c(NCc2ccco2)cc1Cl,4-chloro-2-(furan-2-ylmethylamino)-5-sulfamoylbenzoate,0
O=C1CN(/N=C/c2ccc([N+](=O)[O-])o2)C(=O)N1,"1-[(E)-(5-nitrofuran-2-yl)methylideneamino]imidazolidine-2,4-dione",0
O=C1O[Pt]OC(=O)C12CCC2,"cyclobutane-1,1-dicarboxylic acid;platinum",0
OC(c1cc(C(F)(F)F)nc2c(C(F)(F)F)cccc12)C1CCCC[NH2+]1,"[2,8-bis(trifluoromethyl)quinolin-4-yl]-piperidin-1-ium-2-ylmethanol",0
O=C1C([O-])=C([C@H]2CC[C@H](c3ccc(Cl)cc3)CC2)C(=O)c2ccccc21,"2-[4-(4-chlorophenyl)cyclohexyl]-3,4-dioxonaphthalen-1-olate",0
N#Cc1ccc2[nH]cc(CCCC[NH+]3CCN(c4ccc5oc(C(N)=O)cc5c4)CC3)c2c1,5-[4-[4-(5-cyano-1H-indol-3-yl)butyl]piperazin-4-ium-1-yl]-1-benzofuran-2-carboxamide,0
OC(C[NH2+]CC(O)C1CCc2cc(F)ccc2O1)C1CCc2cc(F)ccc2O1,"bis[2-(6-fluoro-3,4-dihydro-2H-chromen-2-yl)-2-hydroxyethyl]azanium",0
O=C1c2cccc3c2[C@H](CCC3)CN1[C@@H]1C[NH+]2CCC1CC2,"(3aS)-2-[(3S)-1-azoniabicyclo[2.2.2]octan-3-yl]-3a,4,5,6-tetrahydro-3H-benzo[de]isoquinolin-1-one",0
N[C@@H]1CCCC[C@H]1[NH3+],"[(1R,2R)-2-aminocyclohexyl]azanium",0
Nc1nc(N)c2nc(CNc3ccc(C(=O)N[C@@H](CCCNC(=O)c4ccccc4C(=O)O)C(=O)O)cc3)cnc2n1,"2-[[(4S)-4-carboxy-4-[[4-[(2,4-diaminopteridin-6-yl)methylamino]benzoyl]amino]butyl]carbamoyl]benzoic acid",1
O=C([O-])c1ccc(-n2nc(-c3ccccc3O)nc2-c2ccccc2O)cc1,"2-[2-(4-carboxyphenyl)-5-(2-hydroxyphenyl)-1,2,4-triazol-3-yl]phenolate",0
Clc1ccccc1C[NH+]1CCc2sccc2C1,"5-[(2-chlorophenyl)methyl]-4,5,6,7-tetrahydrothieno[3,2-c]pyridin-5-ium",0
[NH3+]CC1(CC(=O)[O-])CCCCC1,2-[1-(azaniumylmethyl)cyclohexyl]acetate,0
[NH3+][C@@H](C(=O)N[C@@H]1C(=O)N2C(C(=O)[O-])=C(Cl)CC[C@H]12)c1ccccc1,"(6R,7S)-7-[[(2R)-2-azaniumyl-2-phenylacetyl]amino]-3-chloro-8-oxo-1-azabicyclo[4.2.0]oct-2-ene-2-carboxylate",0
O=C([O-])COCC[NH+]1CCN([C@H](c2ccccc2)c2ccc(Cl)cc2)CC1,2-[2-[4-[(R)-(4-chlorophenyl)-phenylmethyl]piperazin-1-ium-1-yl]ethoxy]acetate,0
O=C(O[C@H]1C[NH+]2CCC1CC2)N1CCc2ccccc2[C@@H]1c1ccccc1,"[(3R)-1-azoniabicyclo[2.2.2]octan-3-yl] (1S)-1-phenyl-3,4-dihydro-1H-isoquinoline-2-carboxylate",0
c1ccc([C@H]2CN3CCSC3=[NH+]2)cc1,"(6S)-6-phenyl-3,5,6,7-tetrahydro-2H-imidazo[2,1-b][1,3]thiazol-4-ium",0
O=C([O-])COCC[NH+]1CCN(C(c2ccccc2)c2ccc(Cl)cc2)CC1,2-[2-[4-[(4-chlorophenyl)-phenylmethyl]piperazin-1-ium-1-yl]ethoxy]acetate,0
OCCOCC[NH+]1CCN(C(c2ccccc2)c2ccc(Cl)cc2)CC1,2-[2-[4-[(4-chlorophenyl)-phenylmethyl]piperazin-1-ium-1-yl]ethoxy]ethanol,0
NC(=O)C(c1ccccc1)(c1ccccc1)[C@@H]1CC[NH+](CCc2ccc3c(c2)CCO3)C1,"2-[(3S)-1-[2-(2,3-dihydro-1-benzofuran-5-yl)ethyl]pyrrolidin-1-ium-3-yl]-2,2-diphenylacetamide",0
O=C(OC1CC2CCC(C1)[N+]21CCCC1)C(O)(c1ccccc1)c1ccccc1,"spiro[8-azoniabicyclo[3.2.1]octane-8,1'-azolidin-1-ium]-3-yl 2-hydroxy-2,2-diphenylacetate",0
NC(=O)C[S@@](=O)C(c1ccccc1)c1ccccc1,2-[(R)-benzhydrylsulfinyl]acetamide,0
OC(CC[NH+]1CCCC1)(c1ccccc1)C1CCCCC1,1-cyclohexyl-1-phenyl-3-pyrrolidin-1-ium-1-ylpropan-1-ol,0
OC(CC[NH+]1CCCCC1)(c1ccccc1)C1CC2C=CC1C2,1-(2-bicyclo[2.2.1]hept-5-enyl)-1-phenyl-3-piperidin-1-ium-1-ylpropan-1-ol,0
OC(CC[NH+]1CCCCC1)(c1ccccc1)C1CCCCC1,1-cyclohexyl-1-phenyl-3-piperidin-1-ium-1-ylpropan-1-ol,0
OC(CCC[NH+]1CCCCC1)(c1ccccc1)c1ccccc1,"1,1-diphenyl-4-piperidin-1-ium-1-ylbutan-1-ol",0
O=C(c1ccccc1)c1ccc2n1CCC2C(=O)[O-],"5-benzoyl-2,3-dihydro-1H-pyrrolizine-1-carboxylate",0
O=C([O-])c1ccc(NC(=O)C(Cc2ccc(O)cc2)NC(=O)c2ccccc2)cc1,4-[[2-benzamido-3-(4-hydroxyphenyl)propanoyl]amino]benzoate,0
O=C([O-])CNC(=O)c1ccccc1,2-benzamidoacetate,0
O=C1NC(c2ccccc2)(c2ccccc2)C(=O)N1COP(=O)([O-])[O-],"(2,5-dioxo-4,4-diphenylimidazolidin-1-yl)methyl phosphate",0
N#CC(CC[NH+]1CCC(C(=O)[O-])(c2ccccc2)CC1)(c1ccccc1)c1ccccc1,"1-(3-cyano-3,3-diphenylpropyl)-4-phenylpiperidin-1-ium-4-carboxylate",0
O=C([O-])CCc1nc(-c2ccccc2)c(-c2ccccc2)o1,"3-(4,5-diphenyl-1,3-oxazol-2-yl)propanoate",0
O=C([O-])C1N=C(c2ccccc2)c2cc(Cl)ccc2NC1=O,"7-chloro-2-oxo-5-phenyl-1,3-dihydro-1,4-benzodiazepine-3-carboxylate",0
O=C([O-])Cc1ccccc1,2-phenylacetate,0
c1ccc(CC2=[NH+]CCN2)cc1,"2-benzyl-4,5-dihydro-1H-imidazol-3-ium",0
[NH3+]CCCC[C@H]([NH2+][C@@H](CCc1ccccc1)C(=O)[O-])C(=O)N1CCC[C@H]1C(=O)[O-],(2S)-1-[(2S)-6-azaniumyl-2-[[(1S)-1-carboxylato-3-phenylpropyl]azaniumyl]hexanoyl]pyrrolidine-2-carboxylate,0
OCc1cc(C(O)C[NH2+]CCCCCCOCCCCc2ccccc2)ccc1O,[2-hydroxy-2-[4-hydroxy-3-(hydroxymethyl)phenyl]ethyl]-[6-(4-phenylbutoxy)hexyl]azanium,0
c1ccc(CN(CC2=[NH+]CCN2)c2ccccc2)cc1,"N-benzyl-N-(4,5-dihydro-1H-imidazol-3-ium-2-ylmethyl)aniline",0
Nc1ccc(S(=O)(=O)[N-]c2ccnn2-c2ccccc2)cc1,(4-aminophenyl)sulfonyl-(2-phenylpyrazol-3-yl)azanide,0
NC(N)=[NH+]CC1COC2(CCCCC2)O1,"diaminomethylidene(1,4-dioxaspiro[4.5]decan-3-ylmethyl)azanium",0
O=c1[nH]c2ccccc2n1C1CC[NH+](CCCC(c2ccc(F)cc2)c2ccc(F)cc2)CC1,"3-[1-[4,4-bis(4-fluorophenyl)butyl]piperidin-1-ium-4-yl]-1H-benzimidazol-2-one",0
O=C(CCC[NH+]1CC=C(n2c(=O)[nH]c3ccccc32)CC1)c1ccc(F)cc1,"3-[1-[4-(4-fluorophenyl)-4-oxobutyl]-1,2,3,6-tetrahydropyridin-1-ium-4-yl]-1H-benzimidazol-2-one",0
O=c1oc2ccccc2c([O-])c1Cc1c([O-])c2ccccc2oc1=O,3-[(4-oxido-2-oxochromen-3-yl)methyl]-2-oxochromen-4-olate,0
Nc1c2c([nH+]c3ccccc13)CCCC2,"1,2,3,4-tetrahydroacridin-10-ium-9-amine",0
O=C1[C@@H]2[C@H]3CC[C@H](C3)[C@@H]2C(=O)N1C[C@@H]1CCCC[C@H]1C[NH+]1CCN(c2nsc3ccccc23)CC1,"(1R,2S,6R,7S)-4-[[(1R,2R)-2-[[4-(1,2-benzothiazol-3-yl)piperazin-1-ium-1-yl]methyl]cyclohexyl]methyl]-4-azatricyclo[5.2.1.02,6]decane-3,5-dione",0
OC1(c2ccc(Cl)cc2)c2ccccc2C2=[NH+]CCN21,"5-(4-chlorophenyl)-2,3-dihydro-1H-imidazo[1,2-b]isoindol-4-ium-5-ol",0
O=C(CCS)N1CCc2c([nH]c3ccccc23)C1,"3-sulfanyl-1-(1,3,4,9-tetrahydropyrido[3,4-b]indol-2-yl)propan-1-one",0
O=C([O-])c1cc2ccccc2c(Cc2c(O)c(C(=O)[O-])cc3ccccc23)c1O,3-carboxy-1-[(3-carboxy-2-oxidonaphthalen-1-yl)methyl]naphthalen-2-olate,0
c1ccc2c(c1)CCCC2C1=[NH+]CCN1,"2-(1,2,3,4-tetrahydronaphthalen-1-yl)-4,5-dihydro-1H-imidazol-3-ium",0
c1ccc2c(CC3=[NH+]CCN3)cccc2c1,"2-(naphthalen-1-ylmethyl)-4,5-dihydro-1H-imidazol-3-ium",0
NC(N)=[NH+]CCN1CCCCCCC1,2-(azocan-1-yl)ethyl-(diaminomethylidene)azanium,0
O=C(c1ccc2nonc2c1)N1CCCCC1,"2,1,3-benzoxadiazol-5-yl(piperidin-1-yl)methanone",1
O=c1n(CCC[NH+]2CCN(c3cccc(Cl)c3)CC2)nc2ccccn12,"2-[3-[4-(3-chlorophenyl)piperazin-1-ium-1-yl]propyl]-[1,2,4]triazolo[4,3-a]pyridin-3-one",0
O=C([O-])CCC[NH+]1CCC(O[C@@H](c2ccc(Cl)cc2)c2ccccn2)CC1,4-[4-[(S)-(4-chlorophenyl)-pyridin-2-ylmethoxy]piperidin-1-ium-1-yl]butanoate,0
Nc1ccn([C@@H]2CS[C@H](CO)O2)c(=O)n1,"4-amino-1-[(2R,5S)-2-(hydroxymethyl)-1,3-oxathiolan-5-yl]pyrimidin-2-one",0
Nc1ccn(C[C@@H](CO)OCP(=O)([O-])[O-])c(=O)n1,4-amino-1-[(2S)-3-hydroxy-2-(phosphonatomethoxy)propyl]pyrimidin-2-one,0
O=C(Nc1cnccc1Cl)N1CCN(Cc2ccc3c(c2)OC(F)(F)O3)CC1,"N-(4-chloro-3-pyridinyl)-4-[(2,2-difluoro-1,3-benzodioxol-5-yl)methyl]piperazine-1-carboxamide",1
O=P([O-])([O-])C(O)(Cn1ccnc1)P(=O)([O-])[O-],"2-imidazol-1-yl-1,1-diphosphonatoethanol",0
O=C1CC2(CCCC2)CC(=O)N1CCCC[NH+]1CCN(c2ncccn2)CC1,"8-[4-(4-pyrimidin-2-ylpiperazin-1-ium-1-yl)butyl]-8-azaspiro[4.5]decane-7,9-dione",0
c1cnc2cc3c(cc2n1)[C@@H]1C[NH2+]C[C@H]3C1,"(1R,12S)-5,8-diaza-14-azoniatetracyclo[10.3.1.02,11.04,9]hexadeca-2,4,6,8,10-pentaene",0
C1C[NH2+]CCN1,piperazin-1-ium,0
Nc1ncnc2c1ncn2[C@@H]1O[C@H](CO)[C@@H](O)[C@@H]1O,"(2R,3S,4S,5R)-2-(6-aminopurin-9-yl)-5-(hydroxymethyl)oxolane-3,4-diol",0
OC[C@H]1O[C@@H](n2cnc3c2NC=[NH+]C[C@H]3O)C[C@@H]1O,"(8R)-3-[(2R,4S,5R)-4-hydroxy-5-(hydroxymethyl)oxolan-2-yl]-1,4,7,8-tetrahydroimidazo[4,5-d][1,3]diazepin-3-ium-8-ol",0
Nc1nc(NC2CC2)c2ncn([C@H]3C=C[C@@H](CO)C3)c2n1,"[(1S,4R)-4-[2-amino-6-(cyclopropylamino)purin-9-yl]cyclopent-2-en-1-yl]methanol",0
Nc1nc(F)nc2c1ncn2[C@@H]1O[C@H](COP(=O)([O-])[O-])[C@@H](O)[C@@H]1O,"[(2R,3S,4S,5R)-5-(6-amino-2-fluoropurin-9-yl)-3,4-dihydroxyoxolan-2-yl]methyl phosphate",0
C[NH+]1C[C@H](C(=O)N[C@]2(C)O[C@@]3(O)[C@@H]4CCCN4C(=O)[C@H](Cc4ccccc4)N3C2=O)C[C@@H]2c3cccc4[nH]cc(c34)C[C@H]21,"(6aR,9R,10aR)-N-[(1S,2S,4R,7S)-7-benzyl-2-hydroxy-4-methyl-5,8-dioxo-3-oxa-6,9-diazatricyclo[7.3.0.02,6]dodecan-4-yl]-7-methyl-4,6,6a,7,8,9,10,10a-octahydroindolo[4,3-fg]quinolin-7-ium-9-carboxamide",0
C[NH+]1C[C@H](C(=O)N[C@]2(C)O[C@@]3(O)[C@@H]4CCCN4C(=O)[C@H](Cc4ccccc4)N3C2=O)C=C2c3cccc4[nH]cc(c34)C[C@H]21,"(6aR,9R)-N-[(1S,2S,4R,7S)-7-benzyl-2-hydroxy-4-methyl-5,8-dioxo-3-oxa-6,9-diazatricyclo[7.3.0.02,6]dodecan-4-yl]-7-methyl-4,6,6a,7,8,9-hexahydroindolo[4,3-fg]quinolin-7-ium-9-carboxamide",0
C[C@H]([NH3+])[C@H](O)c1ccc(O)c(O)c1,"[(1R,2S)-1-(3,4-dihydroxyphenyl)-1-hydroxypropan-2-yl]azanium",0
C[C@H]([NH2+]CCc1ccc(O)cc1)[C@H](O)c1ccc(O)cc1,"[(1R,2S)-1-hydroxy-1-(4-hydroxyphenyl)propan-2-yl]-[2-(4-hydroxyphenyl)ethyl]azanium",0
C[C@H]([NH3+])[C@H](O)c1cccc(O)c1,"[(1R,2S)-1-hydroxy-1-(3-hydroxyphenyl)propan-2-yl]azanium",0
C[NH2+][C@@H](C)[C@@H](O)c1ccccc1,"[(1S,2S)-1-hydroxy-1-phenylpropan-2-yl]-methylazanium",0
C[C@H]([NH2+][C@@H](CCc1ccccc1)C(=O)[O-])C(=O)N1CCC[C@H]1C(=O)[O-],(2S)-1-[(2S)-2-[[(1S)-1-carboxylato-3-phenylpropyl]azaniumyl]propanoyl]pyrrolidine-2-carboxylate,0
C[C@H]([NH3+])C(=O)N[C@@H](C)C(=O)NC1[C@H]2CN(c3nc4c(cc3F)c(=O)c(C(=O)[O-])cn4-c3ccc(F)cc3F)C[C@@H]12,"7-[(1R,5S)-6-[[(2S)-2-[[(2S)-2-azaniumylpropanoyl]amino]propanoyl]amino]-3-azabicyclo[3.1.0]hexan-3-yl]-1-(2,4-difluorophenyl)-6-fluoro-4-oxo-1,8-naphthyridine-3-carboxylate",0
COc1ccc2cc([C@H](C)C(=O)OCCCCO[N+](=O)[O-])ccc2c1,4-nitrooxybutyl (2S)-2-(6-methoxynaphthalen-2-yl)propanoate,1
C[C@H]([NH3+])Cc1ccccc1,[(2S)-1-phenylpropan-2-yl]azanium,0
C[C@@H](Cc1ccccc1)NC(=O)[C@@H]([NH3+])CCCC[NH3+],[(2S)-6-azaniumyl-1-oxo-1-[[(2S)-1-phenylpropan-2-yl]amino]hexan-2-yl]azanium,0
COc1ccc2c(c1)N(C[C@H](C)C[NH+](C)C)c1ccccc1S2,[(2S)-3-(2-methoxyphenothiazin-10-yl)-2-methylpropyl]-dimethylazanium,0
C[C@@H](CN1CC(=O)NC(=O)C1)[NH+]1CC(=O)NC(=O)C1,"4-[(2S)-2-(3,5-dioxopiperazin-1-ium-1-yl)propyl]piperazine-2,6-dione",0
C[C@@H](O)[C@H]1C(=O)N2C(C(=O)[O-])=C(S[C@@H]3C[NH2+][C@H](C(=O)N(C)C)C3)[C@H](C)[C@H]12,"(4R,5S,6S)-3-[(3S,5S)-5-(dimethylcarbamoyl)pyrrolidin-1-ium-3-yl]sulfanyl-6-[(1R)-1-hydroxyethyl]-4-methyl-7-oxo-1-azabicyclo[3.2.0]hept-2-ene-2-carboxylate",0
C[C@@H](O)[C@H]1C(=O)N2C(C(=O)[O-])=C(S[C@@H]3C[NH2+][C@H](C(=O)Nc4cccc(C(=O)[O-])c4)C3)[C@H](C)[C@H]12,"(4R,5S,6S)-3-[(3S,5S)-5-[(3-carboxylatophenyl)carbamoyl]pyrrolidin-1-ium-3-yl]sulfanyl-6-[(1R)-1-hydroxyethyl]-4-methyl-7-oxo-1-azabicyclo[3.2.0]hept-2-ene-2-carboxylate",0
C[C@@H](O)[C@H]1C(=O)N2C(C(=O)[O-])=C(S[C@@H]3C[NH2+][C@H](CNS(N)(=O)=O)C3)[C@H](C)[C@H]12,"(4R,5S,6S)-6-[(1R)-1-hydroxyethyl]-4-methyl-7-oxo-3-[(3S,5S)-5-[(sulfamoylamino)methyl]pyrrolidin-1-ium-3-yl]sulfanyl-1-azabicyclo[3.2.0]hept-2-ene-2-carboxylate",0
CC(=O)O[C@H]1C[C@H](OC2[C@@H](O)C[C@H](O[C@H]3[C@@H](O)C[C@H](OC4CC[C@@]5(C)[C@H](CC[C@@H]6[C@@H]5CC[C@]5(C)[C@@H](C7=CC(=O)OC7)CC[C@]65O)C4)O[C@@H]3C)O[C@@H]2C)O[C@H](C)[C@H]1O,"[(2R,3R,4S,6S)-3-hydroxy-6-[(2R,4S,6S)-4-hydroxy-6-[(2R,3S,4S,6R)-4-hydroxy-6-[[(5R,8R,9S,10S,13R,14S,17R)-14-hydroxy-10,13-dimethyl-17-(5-oxo-2H-furan-3-yl)-1,2,3,4,5,6,7,8,9,11,12,15,16,17-tetradecahydrocyclopenta[a]phenanthren-3-yl]oxy]-2-methyloxan-3-yl]oxy-2-methyloxan-3-yl]oxy-2-methyloxan-4-yl] acetate",0
C[C@@H]1C/C=C/C=C/C=C/C=C/[C@H](OC2O[C@H](C)[C@@H](O)[C@H]([NH3+])[C@@H]2O)C[C@@H]2O[C@](O)(C[C@@H](O)C[C@H]3O[C@@H]3/C=C/C(=O)O1)C[C@H](O)[C@H]2C(=O)[O-],"(1R,3S,5R,7R,8E,12R,14E,16E,18E,20E,22R,24S,25R,26S)-22-[(3S,4S,5S,6R)-4-azaniumyl-3,5-dihydroxy-6-methyloxan-2-yl]oxy-1,3,26-trihydroxy-12-methyl-10-oxo-6,11,28-trioxatricyclo[22.3.1.05,7]octacosa-8,14,16,18,20-pentaene-25-carboxylate",0
C=C1C[C@@H]2CC[C@@]34C[C@H]5O[C@H]6[C@@H](O3)[C@H]3O[C@H](CC[C@@H]3O[C@H]6[C@H]5O4)CC(=O)C[C@@H]3[C@@H](OC)[C@@H](C[C@H](O)CN)O[C@H]3C[C@H]3O[C@@H](CC[C@@H]1O2)C[C@@H](C)C3=C,"(1S,3S,6S,9S,12S,14R,16R,18S,20R,21R,22S,26R,29S,31R,32S,33R,35R,36S)-20-[(2S)-3-amino-2-hydroxypropyl]-21-methoxy-14-methyl-8,15-dimethylidene-2,19,30,34,37,39,40,41-octaoxanonacyclo[24.9.2.13,32.13,33.16,9.112,16.018,22.029,36.031,35]hentetracontan-24-one",1
C[C@@H]1C[C@H]2[C@@H]3C[C@H](F)C4=CC(=O)C=C[C@]4(C)[C@@]3(F)[C@@H](O)C[C@]2(C)[C@@]1(O)C(=O)COC(=O)C(C)(C)C,"[2-[(6S,8S,9R,10S,11S,13S,14S,16R,17R)-6,9-difluoro-11,17-dihydroxy-10,13,16-trimethyl-3-oxo-6,7,8,11,12,14,15,16-octahydrocyclopenta[a]phenanthren-17-yl]-2-oxoethyl] 2,2-dimethylpropanoate",0
C[C@@H]1C[C@H]2[C@@H]3C[C@H](F)C4=CC(=O)C=C[C@]4(C)[C@@]3(F)[C@@H](O)C[C@]2(C)[C@@]1(OC(=O)c1ccco1)C(=O)SCF,"[(6S,8S,9R,10S,11S,13S,14S,16R,17R)-6,9-difluoro-17-(fluoromethylsulfanylcarbonyl)-11-hydroxy-10,13,16-trimethyl-3-oxo-6,7,8,11,12,14,15,16-octahydrocyclopenta[a]phenanthren-17-yl] furan-2-carboxylate",0
C[NH2+][C@@H]1[C@H](O)[C@H]([NH2+]C)[C@H]2O[C@@]3(O)C(=O)C[C@@H](C)O[C@H]3O[C@@H]2[C@H]1O,"methyl-[(1R,3S,5R,8R,10R,11S,12S,13R,14S)-8,12,14-trihydroxy-5-methyl-11-(methylazaniumyl)-7-oxo-2,4,9-trioxatricyclo[8.4.0.03,8]tetradecan-13-yl]azanium",0
C=C[C@]1(C)C[C@@H](OC(=O)CSC2C[C@H]3CC[C@@H](C2)[NH+]3C)[C@]2(C)[C@H](C)CC[C@]3(CCC(=O)[C@H]32)[C@@H](C)[C@@H]1O,"[(1S,2R,3S,4S,6R,7R,8R,14R)-4-ethenyl-3-hydroxy-2,4,7,14-tetramethyl-9-oxo-6-tricyclo[5.4.3.01,8]tetradecanyl] 2-[[(1R,5S)-8-methyl-8-azoniabicyclo[3.2.1]octan-3-yl]sulfanyl]acetate",0
CO[C@H]1C[C@@H]2CC[C@@H](C)[C@@](O)(O2)C(=O)C(=O)N2CCCC[C@H]2C(=O)O[C@H]([C@H](C)C[C@@H]2CC[C@@H](OCCO)[C@H](OC)C2)CC(=O)[C@H](C)/C=C(\C)[C@@H](O)[C@@H](OC)C(=O)[C@H](C)C[C@H](C)/C=C\C=C\C=C\1C,"(1R,9S,12S,15R,16E,18R,19R,21R,23S,24Z,30S,32S,35R)-1,18-dihydroxy-12-[(2R)-1-[(1S,3R,4R)-4-(2-hydroxyethoxy)-3-methoxycyclohexyl]propan-2-yl]-19,30-dimethoxy-15,17,21,23,29,35-hexamethyl-11,36-dioxa-4-azatricyclo[30.3.1.04,9]hexatriaconta-16,24,26,28-tetraene-2,3,10,14,20-pentone",0
CO[C@H]1CC2CC[C@@H](C)[C@@](O)(O2)C(=O)C(=O)N2CCCC[C@H]2C(=O)O[C@H]([C@H](C)C[C@@H]2CC[C@@H](OC(=O)C(C)(CO)CO)[C@H](OC)C2)CC(=O)[C@H](C)/C=C(\C)[C@@H](O)[C@@H](OC)C(=O)[C@H](C)C[C@H](C)/C=C/C=C/C=C/1C,"[(1R,2R,4S)-4-[(2R)-2-[(1R,9S,12S,15R,16E,18R,19R,21R,23S,24E,30S,35R)-1,18-dihydroxy-19,30-dimethoxy-15,17,21,23,29,35-hexamethyl-2,3,10,14,20-pentaoxo-11,36-dioxa-4-azatricyclo[30.3.1.04,9]hexatriaconta-16,24,26,28-tetraen-12-yl]propyl]-2-methoxycyclohexyl] 3-hydroxy-2-(hydroxymethyl)-2-methylpropanoate",0
C[C@@H]1CCN(C(=O)[C@H](CCC[NH+]=C(N)N)NS(=O)(=O)c2cccc3c2NC[C@H](C)C3)[C@@H](C(=O)[O-])C1,"(2R,4R)-1-[(2S)-5-(diaminomethylideneazaniumyl)-2-[[(3R)-3-methyl-1,2,3,4-tetrahydroquinolin-8-yl]sulfonylamino]pentanoyl]-4-methylpiperidine-2-carboxylate",0
C[C@@H]1CN(c2c(F)c(N)c3c(=O)c(C(=O)[O-])cn(C4CC4)c3c2F)C[C@H](C)[NH2+]1,"5-amino-1-cyclopropyl-7-[(3S,5R)-3,5-dimethylpiperazin-4-ium-1-yl]-6,8-difluoro-4-oxoquinoline-3-carboxylate",0
C[C@@H]1O[C@@]2(CS1)C[NH+]1CCC2CC1,"(2R,5R)-2-methylspiro[1,3-oxathiolane-5,3'-1-azoniabicyclo[2.2.2]octane]",0
CO[C@]12CC[C@@]3(C[C@@H]1[C@](C)(O)C(C)(C)C)[C@H]1Cc4ccc(O)c5c4[C@@]3(CC[NH+]1CC1CC1)[C@H]2O5,"(1S,2S,6R,14R,15R,16R)-5-(cyclopropylmethyl)-16-[(2S)-2-hydroxy-3,3-dimethylbutan-2-yl]-15-methoxy-13-oxa-5-azoniahexacyclo[13.2.2.12,8.01,6.02,14.012,20]icosa-8(20),9,11-trien-11-ol",0
C[C@]([NH3+])(Cc1ccc(O)c(O)c1)C(=O)[O-],"(2S)-2-azaniumyl-3-(3,4-dihydroxyphenyl)-2-methylpropanoate",0
C[C@]([NH3+])(Cc1ccc(O)cc1)C(=O)[O-],(2S)-2-azaniumyl-3-(4-hydroxyphenyl)-2-methylpropanoate,0
C[C@]12CC[C@@H]3c4ccc(OS(=O)(=O)[O-])cc4CC[C@H]3[C@@H]1CCC2=O,"[(8R,9S,13S,14S)-13-methyl-17-oxo-7,8,9,11,12,14,15,16-octahydro-6H-cyclopenta[a]phenanthren-3-yl] sulfate",0
C[C@]12COC(=O)C[C@@H]1CC[C@@H]1[C@@H]2CC[C@@]2(C)[C@H]1CC[C@]2(C)O,"(1S,3aS,3bR,5aS,9aS,9bS,11aS)-1-hydroxy-1,9a,11a-trimethyl-2,3,3a,3b,4,5,5a,6,9,9b,10,11-dodecahydroindeno[4,5-h]isochromen-7-one",0
C[C@]12CCC(=O)C=C1CC[C@@H]1[C@@H]2[C@@H](O)C[C@@]2(C)[C@H]1CC[C@]2(O)C(=O)COC(=O)CCC1CCCC1,"[2-[(8S,9S,10R,11S,13S,14S,17R)-11,17-dihydroxy-10,13-dimethyl-3-oxo-2,6,7,8,9,11,12,14,15,16-decahydro-1H-cyclopenta[a]phenanthren-17-yl]-2-oxoethyl] 3-cyclopentylpropanoate",0
C[C@]12CCC3=C4CCC(=O)C=C4CC[C@H]3[C@@H]1CC[C@@]2(O)CC#N,"2-[(8S,13S,14S,17R)-17-hydroxy-13-methyl-3-oxo-1,2,6,7,8,11,12,14,15,16-decahydrocyclopenta[a]phenanthren-17-yl]acetonitrile",0
C[C@@]12CCCCC[C@@H](Cc3ccc(O)cc31)[C@@H]2[NH3+],"[(1R,9S,15S)-4-hydroxy-1-methyl-15-tricyclo[7.5.1.02,7]pentadeca-2(7),3,5-trienyl]azanium",0
C[C@@H](O)[C@H]1C(=O)N2C(C(=O)[O-])=C(SCC/[NH+]=C/N)C[C@H]12,"(5R,6S)-3-[2-(aminomethylideneazaniumyl)ethylsulfanyl]-6-[(1R)-1-hydroxyethyl]-7-oxo-1-azabicyclo[3.2.0]hept-2-ene-2-carboxylate",0
C[C@@H]([NH3+])[C@@H](O)c1ccccc1,"[(1S,2R)-1-hydroxy-1-phenylpropan-2-yl]azanium",0
C/C(=C\C(=O)OCCCCCCCCC(=O)[O-])C[C@@H]1OC[C@H](C[C@@H]2O[C@H]2[C@@H](C)[C@H](C)O)[C@@H](O)[C@H]1O,"9-[(E)-4-[(2S,3R,4R,5S)-3,4-dihydroxy-5-[[(2S,3S)-3-[(2S,3S)-3-hydroxybutan-2-yl]oxiran-2-yl]methyl]oxan-2-yl]-3-methylbut-2-enoyl]oxynonanoate",0
C[C@@H](Oc1cc(-c2cnn(C3CC[NH2+]CC3)c2)cnc1N)c1c(Cl)ccc(F)c1Cl,"3-[(1R)-1-(2,6-dichloro-3-fluorophenyl)ethoxy]-5-(1-piperidin-1-ium-4-ylpyrazol-4-yl)pyridin-2-amine",0
C[C@@H]([NH2+]CCCc1cccc(C(F)(F)F)c1)c1cccc2ccccc12,[(1R)-1-naphthalen-1-ylethyl]-[3-[3-(trifluoromethyl)phenyl]propyl]azanium,0
COc1ccc(C[C@@H](C)[NH2+]C[C@H](O)c2ccc(O)c(NC=O)c2)cc1,[(2R)-2-(3-formamido-4-hydroxyphenyl)-2-hydroxyethyl]-[(2R)-1-(4-methoxyphenyl)propan-2-yl]azanium,0
C#CC[NH+](C)[C@H](C)Cc1ccccc1,methyl-[(2R)-1-phenylpropan-2-yl]-prop-2-ynylazanium,0
C[C@H](CCC(=O)[O-])[C@H]1CC[C@H]2[C@@H]3[C@H](O)C[C@@H]4C[C@H](O)CC[C@]4(C)[C@H]3CC[C@]12C,"(4R)-4-[(3R,5S,7R,8R,9S,10S,13R,14S,17R)-3,7-dihydroxy-10,13-dimethyl-2,3,4,5,6,7,8,9,11,12,14,15,16,17-tetradecahydro-1H-cyclopenta[a]phenanthren-17-yl]pentanoate",0
C[C@H](CCC(=O)[O-])[C@H]1CC[C@H]2[C@@H]3[C@@H](O)C[C@@H]4C[C@H](O)CC[C@]4(C)[C@H]3CC[C@]12C,"(4R)-4-[(3R,5S,7S,8R,9S,10S,13R,14S,17R)-3,7-dihydroxy-10,13-dimethyl-2,3,4,5,6,7,8,9,11,12,14,15,16,17-tetradecahydro-1H-cyclopenta[a]phenanthren-17-yl]pentanoate",0
C[C@H](Cn1cnc2c(N)ncnc21)OCP(=O)([O-])[O-],9-[(2R)-2-(phosphonatomethoxy)propyl]purin-6-amine,0
C[C@@H]1[C@H](O)[C@@H](C)/C=C/C=C/C=C/C=C/C=C/C=C/C=C/[C@H](O[C@@H]2O[C@H](C)[C@@H](O)[C@H]([NH3+])[C@@H]2O)C[C@@H]2O[C@](O)(C[C@@H](O)C[C@@H](O)[C@H](O)CC[C@@H](O)C[C@@H](O)CC(=O)O[C@H]1C)C[C@H](O)[C@H]2C(=O)[O-],"(1R,3S,5R,6R,9R,11R,15S,16R,17R,18S,19E,21E,23E,25E,27E,29E,31E,33R,35S,36R,37S)-33-[(2R,3S,4S,5S,6R)-4-azaniumyl-3,5-dihydroxy-6-methyloxan-2-yl]oxy-1,3,5,6,9,11,17,37-octahydroxy-15,16,18-trimethyl-13-oxo-14,39-dioxabicyclo[33.3.1]nonatriaconta-19,21,23,25,27,29,31-heptaene-36-carboxylate",0
C[NH2+][C@@H]1[C@H](O[C@H]2[C@H](O[C@H]3[C@H](O)[C@@H](O)[C@H](NC(N)=[NH2+])[C@@H](O)[C@@H]3NC(N)=[NH2+])O[C@@H](C)[C@]2(O)C=O)O[C@@H](CO)[C@H](O)[C@H]1O,"[(2S,3S,4S,5R,6S)-2-[(2R,3R,4R,5S)-2-[(1R,2S,3R,4R,5S,6R)-2,4-bis(diaminomethylideneazaniumyl)-3,5,6-trihydroxycyclohexyl]oxy-4-formyl-4-hydroxy-5-methyloxolan-3-yl]oxy-4,5-dihydroxy-6-(hydroxymethyl)oxan-3-yl]-methylazanium",0
C[C@H]1[C@H](NC(=O)/C(=N\OC(C)(C)C(=O)[O-])c2csc(N)n2)C(=O)N1S(=O)(=O)[O-],"2-[(Z)-[1-(2-amino-1,3-thiazol-4-yl)-2-[[(2S,3S)-2-methyl-4-oxo-1-sulfonatoazetidin-3-yl]amino]-2-oxoethylidene]amino]oxy-2-methylpropanoate",0
C[NH2+][C@H](CC(C)C)C(=O)N[C@H]1C(=O)N[C@@H](CC(N)=O)C(=O)N[C@H]2C(=O)N[C@H]3C(=O)N[C@H](C(=O)N[C@H](C(=O)[O-])c4cc(O)cc(O)c4-c4cc3ccc4O)[C@H](O)c3ccc(c(Cl)c3)Oc3cc2cc(c3O[C@@H]2O[C@H](CO)[C@@H](O)[C@H](O)[C@H]2O[C@H]2C[C@](C)([NH3+])[C@H](O)[C@H](C)O2)Oc2ccc(cc2Cl)[C@H]1O,"(1S,2R,18R,19R,22S,25R,28R,40S)-22-(2-amino-2-oxoethyl)-48-[(2S,3R,4S,5S,6R)-3-[(2S,4S,5S,6S)-4-azaniumyl-5-hydroxy-4,6-dimethyloxan-2-yl]oxy-4,5-dihydroxy-6-(hydroxymethyl)oxan-2-yl]oxy-5,15-dichloro-2,18,32,35,37-pentahydroxy-19-[[(2R)-4-methyl-2-(methylazaniumyl)pentanoyl]amino]-20,23,26,42,44-pentaoxo-7,13-dioxa-21,24,27,41,43-pentazaoctacyclo[26.14.2.23,6.214,17.18,12.129,33.010,25.034,39]pentaconta-3,5,8(48),9,11,14,16,29(45),30,32,34(39),35,37,46,49-pentadecaene-40-carboxylate",0
CC(C)=CC[NH+]1CC[C@@]2(C)c3cc(O)ccc3C[C@@H]1[C@@H]2C,"(1R,9R,13R)-1,13-dimethyl-10-(3-methylbut-2-enyl)-10-azoniatricyclo[7.3.1.02,7]trideca-2(7),3,5-trien-4-ol",0
CC(=O)O[C@]1(C(C)=O)CC[C@H]2[C@@H]3C[C@H](C)C4=CC(=O)C=C[C@]4(C)[C@@]3(F)[C@@H](O)C[C@@]21C,"[(6S,8S,9R,10S,11S,13S,14S,17R)-17-acetyl-9-fluoro-11-hydroxy-6,10,13-trimethyl-3-oxo-6,7,8,11,12,14,15,16-octahydrocyclopenta[a]phenanthren-17-yl] acetate",0
C[C@H]1C[C@H]2[C@@H]3CCC4=CC(=O)C=C[C@]4(C)[C@@]3(F)[C@@H](O)C[C@]2(C)[C@@]1(OC(=O)c1ccccc1)C(=O)CO,"[(8S,9R,10S,11S,13S,14S,16S,17R)-9-fluoro-11-hydroxy-17-(2-hydroxyacetyl)-10,13,16-trimethyl-3-oxo-6,7,8,11,12,14,15,16-octahydrocyclopenta[a]phenanthren-17-yl] benzoate",0
CC(=O)OCC(=O)[C@@]1(O)[C@@H](C)C[C@H]2[C@@H]3CCC4=CC(=O)C=C[C@]4(C)[C@@]3(F)[C@@H](O)C[C@@]21C,"[2-[(8S,9R,10S,11S,13S,14S,16S,17R)-9-fluoro-11,17-dihydroxy-10,13,16-trimethyl-3-oxo-6,7,8,11,12,14,15,16-octahydrocyclopenta[a]phenanthren-17-yl]-2-oxoethyl] acetate",0
C[C@H]1C[NH+](C[C@H](Cc2ccccc2)C(=O)NCC(=O)[O-])CC[C@@]1(C)c1cccc(O)c1,"2-[[(2S)-2-benzyl-3-[(3R,4R)-4-(3-hydroxyphenyl)-3,4-dimethylpiperidin-1-ium-1-yl]propanoyl]amino]acetate",0
C=C(C)[C@@H]1CC[C@@]2(C1)C(C)=CCC[C@@H]2C,"(3R,5S,6S)-6,10-dimethyl-3-prop-1-en-2-ylspiro[4.5]dec-9-ene",0
CC(C)[C@@H](CN1CC[C@@](C)(c2cccc(O)c2)[C@@H](C)C1)NC(=O)[C@H]1Cc2ccc(O)cc2CN1,"(3R)-7-hydroxy-N-[(2S)-1-[(3R,4R)-4-(3-hydroxyphenyl)-3,4-dimethylpiperidin-1-yl]-3-methylbutan-2-yl]-1,2,3,4-tetrahydroisoquinoline-3-carboxamide",1
C=CC[NH2+]CCCCCC[N+](C)(C)C,trimethyl-[6-(prop-2-enylazaniumyl)hexyl]azanium,0
C[N+]1(C)C2CCC1CC(OC(=O)C(O)c1ccccc1)C2,"(8,8-dimethyl-8-azoniabicyclo[3.2.1]octan-3-yl) 2-hydroxy-2-phenylacetate",0
C[N+]1(CC2CC2)CC[C@]23c4c5ccc(O)c4O[C@H]2C(=O)CC[C@@]3(O)[C@H]1C5,"(4R,4aS,7aR,12bS)-3-(cyclopropylmethyl)-4a,9-dihydroxy-3-methyl-2,4,5,6,7a,13-hexahydro-1H-4,12-methanobenzofuro[3,2-e]isoquinolin-3-ium-7-one",0
COc1cc(C[C@@H]2c3c(cc(OC)c(OC)c3OC)CC[N+]2(C)CCCOC(=O)CCC(=O)OCCC[N+]2(C)CCc3cc(OC)c(OC)c(OC)c3[C@@H]2Cc2cc(OC)c(OC)c(OC)c2)cc(OC)c1OC,"1-O-[3-[(1S)-6,7,8-trimethoxy-2-methyl-1-[(3,4,5-trimethoxyphenyl)methyl]-3,4-dihydro-1H-isoquinolin-2-ium-2-yl]propyl] 4-O-[3-[(1R)-6,7,8-trimethoxy-2-methyl-1-[(3,4,5-trimethoxyphenyl)methyl]-3,4-dihydro-1H-isoquinolin-2-ium-2-yl]propyl] butanedioate",0
CO/N=C(\C(=O)N[C@@H]1C(=O)N2C(C(=O)[O-])=C(C[N+]3(C)CCCC3)CS[C@H]12)c1csc(N)n1,"(6R,7R)-7-[[(2Z)-2-(2-amino-1,3-thiazol-4-yl)-2-methoxyiminoacetyl]amino]-3-[(1-methylpyrrolidin-1-ium-1-yl)methyl]-8-oxo-5-thia-1-azabicyclo[4.2.0]oct-2-ene-2-carboxylate",0
COc1ccc(C[C@@H]2c3cc(OC)c(OC)cc3CC[N@+]2(C)CCC(=O)OCCCCCOC(=O)CC[N@@+]2(C)CCc3cc(OC)c(OC)cc3[C@H]2Cc2ccc(OC)c(OC)c2)cc1OC,"5-[3-[(1R,2R)-1-[(3,4-dimethoxyphenyl)methyl]-6,7-dimethoxy-2-methyl-3,4-dihydro-1H-isoquinolin-2-ium-2-yl]propanoyloxy]pentyl 3-[(1R,2R)-1-[(3,4-dimethoxyphenyl)methyl]-6,7-dimethoxy-2-methyl-3,4-dihydro-1H-isoquinolin-2-ium-2-yl]propanoate",0
COc1cccc([C@@]2(O)CCCC[C@@H]2C[NH+](C)C)c1,"[(1R,2R)-2-hydroxy-2-(3-methoxyphenyl)cyclohexyl]methyl-dimethylazanium",0
C[NH+](C)CC(c1ccc(O)cc1)C1(O)CCCCC1,[2-(1-hydroxycyclohexyl)-2-(4-hydroxyphenyl)ethyl]-dimethylazanium,0
COc1ccc(C(C[NH+](C)C)C2(O)CCCCC2)cc1,[2-(1-hydroxycyclohexyl)-2-(4-methoxyphenyl)ethyl]-dimethylazanium,0
C[NH+](C)CC/C=C1/c2ccccc2COc2ccc(CC(=O)[O-])cc21,2-[(11Z)-11-[3-(dimethylazaniumyl)propylidene]-6H-benzo[c][1]benzoxepin-2-yl]acetate,0
C[NH+](C)CC/C=C1/c2ccccc2Sc2ccc(Cl)cc21,[(3Z)-3-(2-chlorothioxanthen-9-ylidene)propyl]-dimethylazanium,0
C[NH+](C)CC[C@@H](c1ccc(Br)cc1)c1ccccn1,[(3S)-3-(4-bromophenyl)-3-pyridin-2-ylpropyl]-dimethylazanium,0
C[NH+](C)CCC(c1ccc(Br)cc1)c1ccccn1,[3-(4-bromophenyl)-3-pyridin-2-ylpropyl]-dimethylazanium,0
C[NH+](C)CCC(O)(c1ccccc1)c1ccccc1Cl,[3-(2-chlorophenyl)-3-hydroxy-3-phenylpropyl]-dimethylazanium,0
C[NH+](C)CCC(c1ccccc1)c1ccccn1,dimethyl-(3-phenyl-3-pyridin-2-ylpropyl)azanium,0
C[NH+](C)CCc1c[nH]c2ccc(C[C@H]3COC(=O)N3)cc12,"dimethyl-[2-[5-[[(4S)-2-oxo-1,3-oxazolidin-4-yl]methyl]-1H-indol-3-yl]ethyl]azanium",0
C[NH+](C)CCc1c[nH]c2ccc(Cn3cncn3)cc12,"dimethyl-[2-[5-(1,2,4-triazol-1-ylmethyl)-1H-indol-3-yl]ethyl]azanium",0
C[NH+](C)CCc1c[nH]c2ccc(CS(=O)(=O)N3CCCC3)cc12,dimethyl-[2-[5-(pyrrolidin-1-ylsulfonylmethyl)-1H-indol-3-yl]ethyl]azanium,0
C[NH+](C)CCC[C@@]1(c2ccc(F)cc2)OCc2cc(C#N)ccc21,3-[(1S)-5-cyano-1-(4-fluorophenyl)-3H-2-benzofuran-1-yl]propyl-dimethylazanium,0
C[NH+](C)CCCN1c2ccccc2CCc2ccc(Cl)cc21,"3-(2-chloro-5,6-dihydrobenzo[b][1]benzazepin-11-yl)propyl-dimethylazanium",0
C[NH+](C)CCCN1c2ccccc2Sc2ccc(C(F)(F)F)cc21,dimethyl-[3-[2-(trifluoromethyl)phenothiazin-10-yl]propyl]azanium,0
C[NH+](C)CCCN1c2ccccc2Sc2ccccc21,dimethyl(3-phenothiazin-10-ylpropyl)azanium,0
COc1ccc(CN(CC[NH+](C)C)c2ccccn2)cc1,2-[(4-methoxyphenyl)methyl-pyridin-2-ylamino]ethyl-dimethylazanium,0
C[NH+](C)CCN(Cc1ccccc1)c1ccccn1,2-[benzyl(pyridin-2-yl)amino]ethyl-dimethylazanium,0
C[NH+](C)CCOC(c1ccc(Cl)cc1)c1ccccn1,2-[(4-chlorophenyl)-pyridin-2-ylmethoxy]ethyl-dimethylazanium,0
C[NH+](C)CCOC(=O)C(c1ccccc1)C1(O)CCCC1,2-[2-(1-hydroxycyclopentyl)-2-phenylacetyl]oxyethyl-dimethylazanium,0
C[NH+](C)CCOc1ccc(/C(=C(/CCCl)c2ccccc2)c2ccccc2)cc1,"2-[4-[(Z)-4-chloro-1,2-diphenylbut-1-enyl]phenoxy]ethyl-dimethylazanium",0
COc1cc(C(=O)NCc2ccc(OCC[NH+](C)C)cc2)cc(OC)c1OC,"dimethyl-[2-[4-[[(3,4,5-trimethoxybenzoyl)amino]methyl]phenoxy]ethyl]azanium",0
C[NH+](C/C=C/c1ccccc1)Cc1cccc2ccccc12,methyl-(naphthalen-1-ylmethyl)-[(E)-3-phenylprop-2-enyl]azanium,0
C#CC[NH+](C)Cc1ccccc1,benzyl-methyl-prop-2-ynylazanium,0
C[NH+](CCCl)CCCl,bis(2-chloroethyl)-methylazanium,0
C[NH+]1[C@@H]2C[C@@H](OC(=O)[C@H](CO)c3ccccc3)C[C@H]1[C@@H]1O[C@@H]12,"[(1R,2R,4S,5S)-9-methyl-3-oxa-9-azoniatricyclo[3.3.1.02,4]nonan-7-yl] (2S)-3-hydroxy-2-phenylpropanoate",0
C[NH+]1[C@@H]2CC[C@@H]1CC(OC(c1ccccc1)c1ccccc1)C2,"(1R,5R)-3-benzhydryloxy-8-methyl-8-azoniabicyclo[3.2.1]octane",0
C[NH+]1C2CC(OC(=O)C(CO)c3ccccc3)CC1C1OC12,"(9-methyl-3-oxa-9-azoniatricyclo[3.3.1.02,4]nonan-7-yl) 3-hydroxy-2-phenylpropanoate",0
C[NH+]1C[C@@H]2c3ccccc3Oc3ccc(Cl)cc3[C@H]2C1,"(2S,6S)-9-chloro-4-methyl-13-oxa-4-azoniatetracyclo[12.4.0.02,6.07,12]octadeca-1(18),7(12),8,10,14,16-hexaene",0
COc1ccc2c3c1O[C@H]1C[C@@H](O)C=C[C@@]31CC[NH+](C)C2,"(1S,12S,14R)-9-methoxy-4-methyl-11-oxa-4-azoniatetracyclo[8.6.1.01,12.06,17]heptadeca-6(17),7,9,15-tetraen-14-ol",0
COc1ccc2c(c1)[C@]13CCCC[C@@H]1[C@H](C2)[NH+](C)CC3,"(1S,9S,10S)-4-methoxy-17-methyl-17-azoniatetracyclo[7.5.3.01,10.02,7]heptadeca-2(7),3,5-triene",0
COc1ccc2c3c1O[C@H]1[C@@H](O)CC[C@H]4[C@@H](C2)[NH+](C)CC[C@@]341,"(4R,4aR,7S,7aR,12bS)-9-methoxy-3-methyl-1,2,3,4,4a,5,6,7,7a,13-decahydro-4,12-methanobenzofuro[3,2-e]isoquinolin-3-ium-7-ol",0
C[NH+]1CC[C@]23c4c5ccc(O)c4O[C@H]2C(=O)CC[C@@]3(O)[C@H]1C5,"(4R,4aS,7aR,12bS)-4a,9-dihydroxy-3-methyl-1,2,3,4,5,6,7a,13-octahydro-4,12-methanobenzofuro[3,2-e]isoquinolin-3-ium-7-one",0
COc1ccc2c3c1O[C@H]1C(=O)CC[C@@]4(O)[C@@H](C2)[NH+](C)CC[C@]314,"(4R,4aS,7aR,12bS)-4a-hydroxy-9-methoxy-3-methyl-1,2,3,4,5,6,7a,13-octahydro-4,12-methanobenzofuro[3,2-e]isoquinolin-3-ium-7-one",0
C[NH+]1CC[C@]23c4c5ccc(O)c4O[C@H]2C(=O)CC[C@H]3[C@H]1C5,"(4R,4aR,7aR,12bS)-9-hydroxy-3-methyl-2,3,4,4a,5,6,7a,13-octahydro-1H-4,12-methanobenzofuro[3,2-e]isoquinolin-3-ium-7-one",0
COc1ccc2c3c1O[C@H]1C(=O)CC[C@H]4[C@@H](C2)[NH+](C)CC[C@]314,"(4R,4aR,7aR,12bS)-9-methoxy-3-methyl-2,3,4,4a,5,6,7a,13-octahydro-1H-4,12-methanobenzofuro[3,2-e]isoquinolin-3-ium-7-one",0
C[NH+]1CC[C@]23CCCC[C@H]2[C@H]1Cc1ccc(O)cc13,"(1R,9R,10R)-17-methyl-17-azoniatetracyclo[7.5.3.01,10.02,7]heptadeca-2(7),3,5-trien-4-ol",0
C[NH+]1CCC(CN2c3ccccc3Sc3ccccc32)C1,10-[(1-methylpyrrolidin-1-ium-3-yl)methyl]phenothiazine,0
C[NH+]1CCC(=C2c3ccccc3CC(=O)c3sccc32)CC1,"2-(1-methylpiperidin-1-ium-4-ylidene)-6-thiatricyclo[8.4.0.03,7]tetradeca-1(14),3(7),4,10,12-pentaen-8-one",0
C[NH+]1CCC(=C2c3ccccc3C=Cc3ccccc32)CC1,"1-methyl-4-(2-tricyclo[9.4.0.03,8]pentadeca-1(15),3,5,7,9,11,13-heptaenylidene)piperidin-1-ium",0
COc1cc2c(Nc3ccc(Br)cc3F)ncnc2cc1OCC1CC[NH+](C)CC1,N-(4-bromo-2-fluorophenyl)-6-methoxy-7-[(1-methylpiperidin-1-ium-4-yl)methoxy]quinazolin-4-amine,0
C[NH+]1CCC(OC(c2ccccc2)c2ccccc2)CC1,4-benzhydryloxy-1-methylpiperidin-1-ium,0
COc1cc2c3cc1Oc1cc(ccc1O)C[C@@H]1c4c(cc(OC)c(O)c4Oc4ccc(cc4)C[C@@H]3[NH+](C)CC2)CC[N+]1(C)C,"(1S,16R)-10,25-dimethoxy-15,15,30-trimethyl-7,23-dioxa-15,30-diazoniaheptacyclo[22.6.2.23,6.18,12.118,22.027,31.016,34]hexatriaconta-3(36),4,6(35),8(34),9,11,18(33),19,21,24,26,31-dodecaene-9,21-diol",0
C[NH+]1CCc2cccc3c2[C@H]1Cc1ccc(O)c(O)c1-3,"(6aR)-6-methyl-5,6,6a,7-tetrahydro-4H-dibenzo[de,g]quinolin-6-ium-10,11-diol",0
C[NH+]1CCC[C@@H]1Cc1c[nH]c2ccc(CCS(=O)(=O)c3ccccc3)cc12,5-[2-(benzenesulfonyl)ethyl]-3-[[(2R)-1-methylpyrrolidin-1-ium-2-yl]methyl]-1H-indole,0
C[NH+]1CCC[C@H]1c1cccnc1,3-[(2S)-1-methylpyrrolidin-1-ium-2-yl]pyridine,0
C[NH+]1CCCC(CC2c3ccccc3Sc3ccccc32)C1,1-methyl-3-(9H-thioxanthen-9-ylmethyl)piperidin-1-ium,0
C[NH+]1CCCC(n2nc(Cc3ccc(Cl)cc3)c3ccccc3c2=O)CC1,4-[(4-chlorophenyl)methyl]-2-(1-methylazepan-1-ium-4-yl)phthalazin-1-one,0
CSc1ccc2c(c1)N(CCC1CCCC[NH+]1C)c1ccccc1S2,10-[2-(1-methylpiperidin-1-ium-2-yl)ethyl]-2-methylsulfanylphenothiazine,0
C[NH+]1CCN(C(c2ccccc2)c2ccccc2)CC1,1-benzhydryl-4-methylpiperazin-4-ium,0
C[NH+]1CCN(C(=O)O[C@H]2c3nccnc3C(=O)N2c2ccc(Cl)cn2)CC1,"[(7S)-6-(5-chloro-2-pyridinyl)-5-oxo-7H-pyrrolo[3,4-b]pyrazin-7-yl] 4-methylpiperazin-4-ium-1-carboxylate",0
C[NH+]1CCN(CCCN2c3ccccc3Sc3ccc(C(F)(F)F)cc32)CC1,10-[3-(4-methylpiperazin-4-ium-1-yl)propyl]-2-(trifluoromethyl)phenothiazine,0
C[NH+]1CCN(CCCN2c3ccccc3Sc3ccc(Cl)cc32)CC1,2-chloro-10-[3-(4-methylpiperazin-4-ium-1-yl)propyl]phenothiazine,0
C[NH+]1CCN2c3ncccc3Cc3ccccc3C2C1,"5-methyl-2,19-diaza-5-azoniatetracyclo[13.4.0.02,7.08,13]nonadeca-1(15),8,10,12,16,18-hexaene",0
C[NH2+][C@@H]1CCc2[nH]c3ccc(C(N)=O)cc3c2C1,"[(3R)-6-carbamoyl-2,3,4,9-tetrahydro-1H-carbazol-3-yl]-methylazanium",0
C[NH2+]C1(c2ccccc2Cl)CCCCC1=O,[1-(2-chlorophenyl)-2-oxocyclohexyl]-methylazanium,0
C[NH2+]C[C@H](O)[C@@H](O)[C@H](O)[C@H](O)CO,"methyl-[(2S,3R,4R,5R)-2,3,4,5,6-pentahydroxyhexyl]azanium",0
C[NH2+]C[C@H](O)c1ccc(O)c(O)c1,"[(2R)-2-(3,4-dihydroxyphenyl)-2-hydroxyethyl]-methylazanium",0
C[NH2+]C[C@H](O)c1cccc(O)c1,[(2R)-2-hydroxy-2-(3-hydroxyphenyl)ethyl]-methylazanium,0
C[NH2+]CC[C@H](Oc1cccc2ccccc12)c1cccs1,methyl-[(3S)-3-naphthalen-1-yloxy-3-thiophen-2-ylpropyl]azanium,0
CC#CCn1c(N2CCC[C@@H]([NH3+])C2)nc2c1c(=O)n(Cc1nc(C)c3ccccc3n1)c(=O)n2C,"[(3R)-1-[7-but-2-ynyl-3-methyl-1-[(4-methylquinazolin-2-yl)methyl]-2,6-dioxopurin-8-yl]piperidin-3-yl]azanium",0
CC(C)[C@H]1CC[C@H](C(=O)N[C@H](Cc2ccccc2)C(=O)[O-])CC1,(2R)-3-phenyl-2-[(4-propan-2-ylcyclohexanecarbonyl)amino]propanoate,0
COc1ccc(OC)c(C(O)C(C)[NH3+])c1,"[1-(2,5-dimethoxyphenyl)-1-hydroxypropan-2-yl]azanium",0
CC([NH2+]C(C)(C)C)C(=O)c1cccc(Cl)c1,tert-butyl-[1-(3-chlorophenyl)-1-oxopropan-2-yl]azanium,0
CC(S)C(=O)NCC(=O)[O-],2-(2-sulfanylpropanoylamino)acetate,0
CC(C)(S)[C@@H]([NH3+])C(=O)[O-],(2S)-2-azaniumyl-3-methyl-3-sulfanylbutanoate,0
CC(C)(O/N=C(\C(=O)N[C@@H]1C(=O)N2C(C(=O)[O-])=C(C[n+]3ccccc3)CS[C@H]12)c1csc(N)n1)C(=O)[O-],"(6R,7R)-7-[[(2Z)-2-(2-amino-1,3-thiazol-4-yl)-2-(2-carboxylatopropan-2-yloxyimino)acetyl]amino]-8-oxo-3-(pyridin-1-ium-1-ylmethyl)-5-thia-1-azabicyclo[4.2.0]oct-2-ene-2-carboxylate",0
CC(C)(Oc1ccc(C(=O)c2ccc(Cl)cc2)cc1)C(=O)[O-],2-[4-(4-chlorobenzoyl)phenoxy]-2-methylpropanoate,0
CC(C)(Oc1ccc(C(=O)c2ccc(Cl)cc2)cc1)C(=O)NCCS(=O)(=O)[O-],2-[[2-[4-(4-chlorobenzoyl)phenoxy]-2-methylpropanoyl]amino]ethanesulfonate,0
CC(C)(C)[NH2+]C[C@H](O)c1ccc(O)c(CO)c1,tert-butyl-[(2R)-2-hydroxy-2-[4-hydroxy-3-(hydroxymethyl)phenyl]ethyl]azanium,0
CC(C)(C)[NH2+]C[C@H](O)COc1nsnc1N1CCOCC1,"tert-butyl-[(2S)-2-hydroxy-3-[(4-morpholin-4-yl-1,2,5-thiadiazol-3-yl)oxy]propyl]azanium",0
CC(C)(C)[NH2+]C[C@H](O)COc1cccc2c1CCCC2=O,"tert-butyl-[(2S)-2-hydroxy-3-[(5-oxo-7,8-dihydro-6H-naphthalen-1-yl)oxy]propyl]azanium",0
CC(C)(C)[NH2+]C[C@H](O)COc1ccccc1C1CCCC1,tert-butyl-[(2S)-3-(2-cyclopentylphenoxy)-2-hydroxypropyl]azanium,0
CC(C)(C)[NH2+]CC(O)c1cc(O)cc(O)c1,"tert-butyl-[2-(3,5-dihydroxyphenyl)-2-hydroxyethyl]azanium",0
CC(C)(C)[NH2+]CC(O)c1ccc(O)c(CO)c1,tert-butyl-[2-hydroxy-2-[4-hydroxy-3-(hydroxymethyl)phenyl]ethyl]azanium,0
CC(C)(C)[NH2+]CC(O)COc1cccc2c1CCC(=O)N2,"tert-butyl-[2-hydroxy-3-[(2-oxo-3,4-dihydro-1H-quinolin-5-yl)oxy]propyl]azanium",0
C[NH+](C/C=C/C#CC(C)(C)C)Cc1cccc2ccccc12,"[(E)-6,6-dimethylhept-2-en-4-ynyl]-methyl-(naphthalen-1-ylmethyl)azanium",0
C[NH2+]CC(O)c1ccc(OC(=O)C(C)(C)C)c(OC(=O)C(C)(C)C)c1,"[2-[3,4-bis(2,2-dimethylpropanoyloxy)phenyl]-2-hydroxyethyl]-methylazanium",0
CC(C)(C)c1ccc(C[NH+]2CCN(C(c3ccccc3)c3ccc(Cl)cc3)CC2)cc1,1-[(4-tert-butylphenyl)methyl]-4-[(4-chlorophenyl)-phenylmethyl]piperazin-1-ium,0
COc1ccccc1Oc1c([N-]S(=O)(=O)c2ccc(C(C)(C)C)cc2)nc(-c2ncccn2)nc1OCCO,(4-tert-butylphenyl)sulfonyl-[6-(2-hydroxyethoxy)-5-(2-methoxyphenoxy)-2-pyrimidin-2-ylpyrimidin-4-yl]azanide,0
CC(C)(C(=O)[O-])c1ccc(C(O)CCC[NH+]2CCC(C(O)(c3ccccc3)c3ccccc3)CC2)cc1,2-[4-[1-hydroxy-4-[4-[hydroxy(diphenyl)methyl]piperidin-1-ium-1-yl]butyl]phenyl]-2-methylpropanoate,0
CC(C)([NH3+])Cc1ccc(Cl)cc1,[1-(4-chlorophenyl)-2-methylpropan-2-yl]azanium,0
C[NH2+]C(C)(C)Cc1ccccc1,methyl-(2-methyl-1-phenylpropan-2-yl)azanium,0
CC(C)([NH3+])Cc1ccccc1,(2-methyl-1-phenylpropan-2-yl)azanium,0
CC(C)/[NH+]=C(N)/[NH+]=C(\N)Nc1ccc(Cl)cc1,[amino-[amino-(4-chloroanilino)methylidene]azaniumylmethylidene]-propan-2-ylazanium,0
CC(C)[C@H]([NH3+])C(=O)OCC(CO)OCn1cnc2c(=O)nc(N)[nH]c21,[(2S)-1-[2-[(2-amino-6-oxo-1H-purin-9-yl)methoxy]-3-hydroxypropoxy]-3-methyl-1-oxobutan-2-yl]azanium,0
CC(C)[C@H]([NH3+])C(=O)OCCOCn1cnc2c(=O)[nH]c(N)nc21,[(2S)-1-[2-[(2-amino-6-oxo-1H-purin-9-yl)methoxy]ethoxy]-3-methyl-1-oxobutan-2-yl]azanium,0
COCCCOc1cc(C[C@@H](C[C@H]([NH3+])[C@@H](O)C[C@H](C(=O)NCC(C)(C)C(N)=O)C(C)C)C(C)C)ccc1OC,"[(3S,5S,6S,8S)-8-[(3-amino-2,2-dimethyl-3-oxopropyl)carbamoyl]-6-hydroxy-3-[[4-methoxy-3-(3-methoxypropoxy)phenyl]methyl]-2,9-dimethyldecan-5-yl]azanium",0
CC(C)[C@@]1(C(=O)N[C@H]2CC(=O)O[C@]2(O)CF)CC(c2nccc3ccccc23)=NO1,"(5R)-N-[(2S,3S)-2-(fluoromethyl)-2-hydroxy-5-oxooxolan-3-yl]-3-isoquinolin-1-yl-5-propan-2-yl-4H-1,2-oxazole-5-carboxamide",1
CC(C)[N+]1(C)[C@@H]2CC[C@@H]1CC(OC(=O)C(CO)c1ccccc1)C2,"[(1R,5R)-8-methyl-8-propan-2-yl-8-azoniabicyclo[3.2.1]octan-3-yl] 3-hydroxy-2-phenylpropanoate",0
CC(C)[NH2+]C[C@H](O)COc1ccc(CCOCC2CC2)cc1,[(2S)-3-[4-[2-(cyclopropylmethoxy)ethyl]phenoxy]-2-hydroxypropyl]-propan-2-ylazanium,0
CC(C)[NH2+]CC(O)c1cc(O)cc(O)c1,"[2-(3,5-dihydroxyphenyl)-2-hydroxyethyl]-propan-2-ylazanium",0
CC(C)[NH2+]CC(O)c1ccc(O)c(O)c1,"[2-(3,4-dihydroxyphenyl)-2-hydroxyethyl]-propan-2-ylazanium",0
CC(C)[NH2+]CC(O)COc1ccc(CC(N)=O)cc1,[3-[4-(2-amino-2-oxoethyl)phenoxy]-2-hydroxypropyl]-propan-2-ylazanium,0
COC(=O)CCc1ccc(OCC(O)C[NH2+]C(C)C)cc1,[2-hydroxy-3-[4-(3-methoxy-3-oxopropyl)phenoxy]propyl]-propan-2-ylazanium,0
COCCc1ccc(OCC(O)C[NH2+]C(C)C)cc1,[2-hydroxy-3-[4-(2-methoxyethyl)phenoxy]propyl]-propan-2-ylazanium,0
CC(C)[NH2+]CC(O)COc1ccc(CCOCC2CC2)cc1,[3-[4-[2-(cyclopropylmethoxy)ethyl]phenoxy]-2-hydroxypropyl]-propan-2-ylazanium,0
CC(C)[NH2+]CC(O)COc1ccc(COCCOC(C)C)cc1,[2-hydroxy-3-[4-(2-propan-2-yloxyethoxymethyl)phenoxy]propyl]-propan-2-ylazanium,0
CC(C)[NH2+]CC(O)COc1cccc2[nH]ccc12,[2-hydroxy-3-(1H-indol-4-yloxy)propyl]-propan-2-ylazanium,0
C=CCOc1ccccc1OCC(O)C[NH2+]C(C)C,[2-hydroxy-3-(2-prop-2-enoxyphenoxy)propyl]-propan-2-ylazanium,0
CC(C)[NH2+]CC1CCc2cc(CO)c([N+](=O)[O-])cc2N1,"[6-(hydroxymethyl)-7-nitro-1,2,3,4-tetrahydroquinolin-2-yl]methyl-propan-2-ylazanium",0
CC(C)[NH2+]CCCC1(C(N)=O)c2ccccc2-c2ccccc21,3-(9-carbamoylfluoren-9-yl)propyl-propan-2-ylazanium,0
COc1ccc(CC[NH+](C)CCCC(C#N)(c2ccc(OC)c(OC)c2)C(C)C)cc1OC,"[4-cyano-4-(3,4-dimethoxyphenyl)-5-methylhexyl]-[2-(3,4-dimethoxyphenyl)ethyl]-methylazanium",0
CC(OC(=O)NCC1(CC(=O)[O-])CCCCC1)OC(=O)C(C)C,2-[1-[[1-(2-methylpropanoyloxy)ethoxycarbonylamino]methyl]cyclohexyl]acetate,0
CC(C)C(=O)Oc1ccc(CO)cc1[C@H](CC[NH+](C(C)C)C(C)C)c1ccccc1,[(3R)-3-[5-(hydroxymethyl)-2-(2-methylpropanoyloxy)phenyl]-3-phenylpropyl]-di(propan-2-yl)azanium,0
CC(C)c1nc(N(C)S(C)(=O)=O)nc(-c2ccc(F)cc2)c1/C=C/[C@@H](O)C[C@@H](O)CC(=O)[O-],"(E,3R,5S)-7-[4-(4-fluorophenyl)-2-[methyl(methylsulfonyl)amino]-6-propan-2-ylpyrimidin-5-yl]-3,5-dihydroxyhept-6-enoate",0
CC(C)c1ccc2oc3nc(N)c(C(=O)[O-])cc3c(=O)c2c1,"2-amino-5-oxo-7-propan-2-ylchromeno[2,3-b]pyridine-3-carboxylate",0
CC(C)c1cccc(C(C)C)c1NC(=O)C[NH+](CC(=O)[O-])CC(=O)[O-],"2-[carboxylatomethyl-[2-[2,6-di(propan-2-yl)anilino]-2-oxoethyl]azaniumyl]acetate",0
CC(C)c1cccc(C(C)C)c1OCOP(=O)([O-])[O-],"[2,6-di(propan-2-yl)phenoxy]methyl phosphate",0
CC(C)C[C@H](NC(=O)CNC(=O)[C@H](Cc1ccc(O)cc1)NC(=O)[C@H](CO)NC(=O)[C@H](Cc1c[nH]c2ccccc12)NC(=O)[C@H](Cc1c[nH]cn1)NC(=O)[C@@H]1CCC(=O)N1)C(=O)N[C@@H](CCCNC(N)=[NH2+])C(=O)N1CCC[C@H]1C(=O)NCC(N)=O,[(4S)-5-[(2S)-2-[(2-amino-2-oxoethyl)carbamoyl]pyrrolidin-1-yl]-4-[[(2S)-2-[[2-[[(2S)-2-[[(2S)-3-hydroxy-2-[[(2S)-2-[[(2S)-3-(1H-imidazol-5-yl)-2-[[(2S)-5-oxopyrrolidine-2-carbonyl]amino]propanoyl]amino]-3-(1H-indol-3-yl)propanoyl]amino]propanoyl]amino]-3-(4-hydroxyphenyl)propanoyl]amino]acetyl]amino]-4-methylpentanoyl]amino]-5-oxopentyl]-(diaminomethylidene)azanium,0
CC(C)C[C@H](C[NH3+])CC(=O)[O-],(3S)-3-(azaniumylmethyl)-5-methylhexanoate,0
CC(C)C[C@H]1C(=O)N2CCC[C@H]2[C@]2(O)O[C@](NC(=O)[C@@H]3C=C4c5cccc6[nH]c(Br)c(c56)C[C@H]4[NH+](C)C3)(C(C)C)C(=O)N12,"(6aR,9R)-5-bromo-N-[(1S,2S,4R,7S)-2-hydroxy-7-(2-methylpropyl)-5,8-dioxo-4-propan-2-yl-3-oxa-6,9-diazatricyclo[7.3.0.02,6]dodecan-4-yl]-7-methyl-4,6,6a,7,8,9-hexahydroindolo[4,3-fg]quinolin-7-ium-9-carboxamide",0
CC(C)CC([NH+](C)C)C1(c2ccc(Cl)cc2)CCC1,[1-[1-(4-chlorophenyl)cyclobutyl]-3-methylbutyl]-dimethylazanium,0
C=CCC1(CC(C)C)C(=O)NC(=O)NC1=O,"5-(2-methylpropyl)-5-prop-2-enyl-1,3-diazinane-2,4,6-trione",0
COc1cc2c(cc1OC)C1CC(=O)C(CC(C)C)C[NH+]1CC2,"9,10-dimethoxy-3-(2-methylpropyl)-3,4,5,6,7,11b-hexahydro-1H-benzo[a]quinolizin-5-ium-2-one",0
CC(C)Cc1ccc(C(C)C(=O)[O-])cc1,2-[4-(2-methylpropyl)phenyl]propanoate,0
CC(C)COCC(CN(Cc1ccccc1)c1ccccc1)[NH+]1CCCC1,N-benzyl-N-[3-(2-methylpropoxy)-2-pyrrolidin-1-ium-1-ylpropyl]aniline,0
CC(C)n1c(/C=C/[C@H](O)C[C@H](O)CC(=O)[O-])c(-c2ccc(F)cc2)c2ccccc21,"(E,3S,5R)-7-[3-(4-fluorophenyl)-1-propan-2-ylindol-2-yl]-3,5-dihydroxyhept-6-enoate",0
CC(C)OC(=O)CCC/C=C\C[C@@H]1[C@@H](/C=C/[C@@H](O)COc2cccc(C(F)(F)F)c2)[C@H](O)C[C@@H]1O,"propan-2-yl (Z)-7-[(1R,2R,3R,5S)-3,5-dihydroxy-2-[(E,3R)-3-hydroxy-4-[3-(trifluoromethyl)phenoxy]but-1-enyl]cyclopentyl]hept-5-enoate",0
CC(C)OC(=O)CCC/C=C\C[C@@H]1[C@@H](CC[C@@H](O)CCc2ccccc2)[C@H](O)C[C@@H]1O,"propan-2-yl (Z)-7-[(1R,2R,3R,5S)-3,5-dihydroxy-2-[(3R)-3-hydroxy-5-phenylpentyl]cyclopentyl]hept-5-enoate",0
CC([NH3+])C12CC3CC(CC(C3)C1)C2,1-(1-adamantyl)ethylazanium,0
CC(C(=O)[O-])c1ccc(-c2ccccc2)c(F)c1,2-(3-fluoro-4-phenylphenyl)propanoate,0
C[NH2+]C(C)C1CCC([NH3+])C(OC2C([NH3+])CC([NH3+])C(OC3OCC(C)(O)C([NH2+]C)C3O)C2O)O1,"1-[5-azaniumyl-6-[4,6-bis(azaniumyl)-3-[3,5-dihydroxy-5-methyl-4-(methylazaniumyl)oxan-2-yl]oxy-2-hydroxycyclohexyl]oxyoxan-2-yl]ethyl-methylazanium",0
CC(C(=O)[O-])c1ccc(C(=O)c2cccs2)cc1,2-[4-(thiophene-2-carbonyl)phenyl]propanoate,0
CC(C(=O)[O-])c1cccc(C(=O)c2ccccc2)c1,2-(3-benzoylphenyl)propanoate,0
CC(C(=O)[O-])c1cccc(Oc2ccccc2)c1,2-(3-phenoxyphenyl)propanoate,0
C[NH+](C)CCOC(C)(c1ccccc1)c1ccccn1,dimethyl-[2-(1-phenyl-1-pyridin-2-ylethoxy)ethyl]azanium,0
CC([NH3+])Cc1ccc(O)cc1,1-(4-hydroxyphenyl)propan-2-ylazanium,0
COc1ccc(CC(C)[NH2+]CC(O)c2ccc(O)c(NC=O)c2)cc1,[2-(3-formamido-4-hydroxyphenyl)-2-hydroxyethyl]-[1-(4-methoxyphenyl)propan-2-yl]azanium,0
CC(Cc1ccccc1)[NH+](C)Cc1ccccc1,benzyl-methyl-(1-phenylpropan-2-yl)azanium,0
C[NH2+]C(C)Cc1ccccc1,methyl(1-phenylpropan-2-yl)azanium,0
CC([NH3+])Cc1ccccc1,1-phenylpropan-2-ylazanium,0
CC(CCc1ccc(O)cc1)[NH2+]CCc1ccc(O)c(O)c1,"2-(3,4-dihydroxyphenyl)ethyl-[4-(4-hydroxyphenyl)butan-2-yl]azanium",0
CC(CCc1ccccc1)[NH2+]CC(O)c1ccc(O)c(C(N)=O)c1,[2-(3-carbamoyl-4-hydroxyphenyl)-2-hydroxyethyl]-(4-phenylbutan-2-yl)azanium,0
COc1cc(NC(C)CCC[NH3+])c2ncccc2c1,4-[(6-methoxyquinolin-8-yl)amino]pentylazanium,0
CC(CN1c2ccccc2CCc2ccccc21)C[NH+](C)C,"[3-(5,6-dihydrobenzo[b][1]benzazepin-11-yl)-2-methylpropyl]-dimethylazanium",0
CC(CN1c2ccccc2Sc2ccccc21)[NH+](C)C,dimethyl(1-phenothiazin-10-ylpropan-2-yl)azanium,0
CC(CN1c2ccccc2Sc2ccccc21)C[NH+](C)C,dimethyl-(2-methyl-3-phenothiazin-10-ylpropyl)azanium,0
CC(COc1ccccc1)[NH+](CCCl)Cc1ccccc1,benzyl-(2-chloroethyl)-(1-phenoxypropan-2-yl)azanium,0
CC(O)(P(=O)([O-])[O-])P(=O)([O-])[O-],"1,1-diphosphonatoethanol",0
CC(=O)O[C@]1(C(C)=O)CC[C@H]2[C@@H]3CCC4=CC(=O)CCC4=C3[C@@H](c3ccc(N(C)C)cc3)C[C@@]21C,"[(8S,11R,13S,14S,17R)-17-acetyl-11-[4-(dimethylamino)phenyl]-13-methyl-3-oxo-1,2,6,7,8,11,12,14,15,16-decahydrocyclopenta[a]phenanthren-17-yl] acetate",0
CC(=O)[N-]S(=O)(=O)c1ccc(N)cc1,N-(4-aminophenyl)sulfonylethanimidate,0
COc1cc(C(C)=O)ccc1OCCC[NH+]1CCC(c2noc3cc(F)ccc23)CC1,"1-[4-[3-[4-(6-fluoro-1,2-benzoxazol-3-yl)piperidin-1-ium-1-yl]propoxy]-3-methoxyphenyl]ethanone",0
CC(=O)c1ccc(S(=O)(=O)[N-]C(=O)NC2CCCCC2)cc1,N-(4-acetylphenyl)sulfonyl-N'-cyclohexylcarbamimidate,0
CC(=O)N(O)CCCCCNC(=O)CCC(=O)N(O)CCCCCNC(=O)CCC(=O)N(O)CCCCC[NH3+],5-[[4-[5-[[4-[5-[acetyl(hydroxy)amino]pentylamino]-4-oxobutanoyl]-hydroxyamino]pentylamino]-4-oxobutanoyl]-hydroxyamino]pentylazanium,0
CC(=O)N[C@@H](CS)C(=O)[O-],(2R)-2-acetamido-3-sulfanylpropanoate,0
CC(=O)N[C@@H]1[C@@H](O[C@@H]2O[C@H](C(=O)[O-])[C@@H](O)[C@H](O)[C@H]2O)[C@@H](O)[C@@H](OS(=O)(=O)[O-])O[C@H]1O,"(2S,3S,4S,5R,6R)-6-[(2R,3R,4R,5R,6R)-3-acetamido-2,5-dihydroxy-6-sulfonatooxyoxan-4-yl]oxy-3,4,5-trihydroxyoxane-2-carboxylate",0
CC(=O)N[C@H]1[C@H]([C@H](O)[C@H](O)CO)OC(C(=O)[O-])=C[C@@H]1[NH+]=C(N)N,"(2R,3R,4S)-3-acetamido-4-(diaminomethylideneazaniumyl)-2-[(1R,2R)-1,2,3-trihydroxypropyl]-3,4-dihydro-2H-pyran-6-carboxylate",0
CC(=O)Nc1c(I)cc(I)c(C(=O)[O-])c1I,"3-acetamido-2,4,6-triiodobenzoate",0
C=CC[N+]1([C@H]2C[C@H]3[C@@H]4CC[C@H]5C[C@H](O)[C@@H]([NH+]6CCOCC6)C[C@]5(C)[C@H]4CC[C@]3(C)[C@H]2OC(C)=O)CCCC1,"[(2S,3S,5S,8R,9S,10S,13S,14S,16S,17R)-3-hydroxy-10,13-dimethyl-2-morpholin-4-ium-4-yl-16-(1-prop-2-enylpyrrolidin-1-ium-1-yl)-2,3,4,5,6,7,8,9,11,12,14,15,16,17-tetradecahydro-1H-cyclopenta[a]phenanthren-17-yl] acetate",0
CC(=O)O[C@H]1C[C@@H]2CC[C@@H]3[C@H](CC[C@@]4(C)[C@H]3C[C@H]([N+]3(C)CCCCC3)[C@@H]4OC(C)=O)[C@@]2(C)C[C@@H]1[NH+]1CCCCC1,"[(2S,3S,5S,8R,9S,10S,13S,14S,16S,17R)-17-acetyloxy-10,13-dimethyl-16-(1-methylpiperidin-1-ium-1-yl)-2-piperidin-1-ium-1-yl-2,3,4,5,6,7,8,9,11,12,14,15,16,17-tetradecahydro-1H-cyclopenta[a]phenanthren-3-yl] acetate",0
CC(=O)O[C@H]1Cc2ccccc2N(C(N)=O)c2ccccc21,"[(5S)-11-carbamoyl-5,6-dihydrobenzo[b][1]benzazepin-5-yl] acetate",1
CC(=O)Oc1cc2c(s1)CC[NH+](C(C(=O)C1CC1)c1ccccc1F)C2,"[5-[2-cyclopropyl-1-(2-fluorophenyl)-2-oxoethyl]-4,5,6,7-tetrahydrothieno[3,2-c]pyridin-5-ium-2-yl] acetate",0
CC(=O)OCC(=O)[C@@]1(O)CC[C@H]2[C@@H]3CCC4=CC(=O)CC[C@]4(C)[C@@]3(F)[C@@H](O)C[C@@]21C,"[2-[(8S,9R,10S,11S,13S,14S,17R)-9-fluoro-11,17-dihydroxy-10,13-dimethyl-3-oxo-1,2,6,7,8,11,12,14,15,16-decahydrocyclopenta[a]phenanthren-17-yl]-2-oxoethyl] acetate",0
CC(=O)OCC(=O)[C@@]1(O)CC[C@H]2[C@@H]3CCC4=CC(=O)CC[C@]4(C)[C@H]3[C@@H](O)C[C@@]21C,"[2-[(8S,9S,10R,11S,13S,14S,17R)-11,17-dihydroxy-10,13-dimethyl-3-oxo-2,6,7,8,9,11,12,14,15,16-decahydro-1H-cyclopenta[a]phenanthren-17-yl]-2-oxoethyl] acetate",0
CO/N=C(\C(=O)N[C@@H]1C(=O)N2C(C(=O)[O-])=C(COC(C)=O)CS[C@H]12)c1csc(N)n1,"(6R,7R)-3-(acetyloxymethyl)-7-[[(2Z)-2-(2-amino-1,3-thiazol-4-yl)-2-methoxyiminoacetyl]amino]-8-oxo-5-thia-1-azabicyclo[4.2.0]oct-2-ene-2-carboxylate",0
CC(=O)OCC1=C(C(=O)[O-])N2C(=O)[C@@H](NC(=O)Cc3cccs3)[C@H]2SC1,"(6R,7R)-3-(acetyloxymethyl)-8-oxo-7-[(2-thiophen-2-ylacetyl)amino]-5-thia-1-azabicyclo[4.2.0]oct-2-ene-2-carboxylate",0
CO/N=C(\C(=O)N[C@@H]1C(=O)N2C(C(=O)OC(C)OC(C)=O)=C(COC(N)=O)CS[C@H]12)c1ccco1,"1-acetyloxyethyl (6R,7R)-3-(carbamoyloxymethyl)-7-[[(2Z)-2-(furan-2-yl)-2-methoxyiminoacetyl]amino]-8-oxo-5-thia-1-azabicyclo[4.2.0]oct-2-ene-2-carboxylate",0
CC/C(=C(/CC)c1ccc(OP(=O)([O-])[O-])cc1)c1ccc(OP(=O)([O-])[O-])cc1,[4-[(E)-4-(4-phosphonatooxyphenyl)hex-3-en-3-yl]phenyl] phosphate,0
CC1(C)[C@H](C(=O)[O-])N2C(=O)C[C@H]2S1(=O)=O,"(2S,5R)-3,3-dimethyl-4,4,7-trioxo-4lambda6-thia-1-azabicyclo[3.2.0]heptane-2-carboxylate",0
CC1(C)S[C@@H]2[C@H](/[NH+]=C/N3CCCCCC3)C(=O)N2[C@H]1C(=O)[O-],"(2S,5R,6R)-6-(azepan-1-ium-1-ylidenemethylamino)-3,3-dimethyl-7-oxo-4-thia-1-azabicyclo[3.2.0]heptane-2-carboxylate",0
CC1(C)S[C@@H]2[C@H](N3C(=O)[C@@H](c4ccccc4)[NH2+]C3(C)C)C(=O)N2[C@H]1C(=O)[O-],"(2S,5R,6R)-6-[(4R)-2,2-dimethyl-5-oxo-4-phenylimidazolidin-3-ium-1-yl]-3,3-dimethyl-7-oxo-4-thia-1-azabicyclo[3.2.0]heptane-2-carboxylate",0
CC1(C)S[C@@H]2[C@H](NC(=O)[C@H]([NH3+])c3ccc(O)cc3)C(=O)N2[C@H]1C(=O)[O-],"(2S,5R,6R)-6-[[(2R)-2-azaniumyl-2-(4-hydroxyphenyl)acetyl]amino]-3,3-dimethyl-7-oxo-4-thia-1-azabicyclo[3.2.0]heptane-2-carboxylate",0
CC1(C)S[C@@H]2[C@H](NC(=O)[C@H]([NH3+])c3ccccc3)C(=O)N2[C@H]1C(=O)[O-],"(2S,5R,6R)-6-[[(2R)-2-azaniumyl-2-phenylacetyl]amino]-3,3-dimethyl-7-oxo-4-thia-1-azabicyclo[3.2.0]heptane-2-carboxylate",0
CC1(C)S[C@@H]2[C@H](NC(=O)[C@H](NC(=O)N3CCNC3=O)c3ccccc3)C(=O)N2[C@H]1C(=O)[O-],"(2S,5R,6R)-3,3-dimethyl-7-oxo-6-[[(2R)-2-[(2-oxoimidazolidine-1-carbonyl)amino]-2-phenylacetyl]amino]-4-thia-1-azabicyclo[3.2.0]heptane-2-carboxylate",0
CC(C)(C)NC(=O)N[C@H](C(=O)N1C[C@H]2[C@@H]([C@H]1C(=O)NC(CC1CCC1)C(=O)C(N)=O)C2(C)C)C(C)(C)C,"(1R,2S,5S)-N-(4-amino-1-cyclobutyl-3,4-dioxobutan-2-yl)-3-[(2S)-2-(tert-butylcarbamoylamino)-3,3-dimethylbutanoyl]-6,6-dimethyl-3-azabicyclo[3.1.0]hexane-2-carboxamide",0
C=C1N(CCCCCC(=O)O)c2ccccc2C1(C)C,"6-(3,3-dimethyl-2-methylideneindol-1-yl)hexanoic acid",1
C[NH2+]C1(C)C2CCC(C2)C1(C)C,"methyl-(2,3,3-trimethyl-2-bicyclo[2.2.1]heptanyl)azanium",0
CC1(C)C[C@@H]1C(=O)N/C(=C\CCCCSC[C@H]([NH3+])C(=O)[O-])C(=O)[O-],"(Z)-7-[(2R)-2-azaniumyl-2-carboxylatoethyl]sulfanyl-2-[[(1S)-2,2-dimethylcyclopropanecarbonyl]amino]hept-2-enoate",0
CC12CC3CC(C)(C1)CC([NH3+])(C3)C2,"(3,5-dimethyl-1-adamantyl)azanium",0
CC(C)(C)C(=O)OCC(=O)C1CCC2C3CCC4=CC(=O)CCC4(C)C3CCC12C,"[2-(10,13-dimethyl-3-oxo-1,2,6,7,8,9,11,12,14,15,16,17-dodecahydrocyclopenta[a]phenanthren-17-yl)-2-oxoethyl] 2,2-dimethylpropanoate",0
COC(=O)C1=C(C)NC(C)=C(C(=O)OCC[NH+](C)Cc2ccccc2)C1c1cccc([N+](=O)[O-])c1,"benzyl-[2-[5-methoxycarbonyl-2,6-dimethyl-4-(3-nitrophenyl)-1,4-dihydropyridine-3-carbonyl]oxyethyl]-methylazanium",0
CC(=O)Oc1c(C)c(C)c2c(c1C)CCC(C)(CCCC(C)CCCC(C)CCCC(C)C)O2,"[2,5,7,8-tetramethyl-2-(4,8,12-trimethyltridecyl)-3,4-dihydrochromen-6-yl] acetate",0
CC1=C(/C=C/C(C)=C/C=C/C(C)=C/C(=O)[O-])C(C)(C)CCC1,"(2E,4E,6E,8E)-3,7-dimethyl-9-(2,6,6-trimethylcyclohexen-1-yl)nona-2,4,6,8-tetraenoate",0
CC1=C(/C=C/C(C)=C/C=C/C(C)=C\C(=O)[O-])C(C)(C)CCC1,"(2Z,4E,6E,8E)-3,7-dimethyl-9-(2,6,6-trimethylcyclohexen-1-yl)nona-2,4,6,8-tetraenoate",0
CC1=C(/C=C/C(C)=C\C=C\C(C)=C\C(=O)[O-])C(C)(C)CCC1,"(2E,4E,6Z,8E)-3,7-dimethyl-9-(2,6,6-trimethylcyclohexen-1-yl)nona-2,4,6,8-tetraenoate",0
Cc1cccc(C)c1N(CC(=O)Nc1ccc(-c2ncon2)cc1)C(=O)C1CCS(=O)(=O)CC1,"N-(2,6-dimethylphenyl)-N-[2-[4-(1,2,4-oxadiazol-3-yl)anilino]-2-oxoethyl]-1,1-dioxothiane-4-carboxamide",1
Cc1nc2n(c(=O)c1CC[NH+]1CCC(c3noc4cc(F)ccc34)CC1)CCCC2O,"3-[2-[4-(6-fluoro-1,2-benzoxazol-3-yl)piperidin-1-ium-1-yl]ethyl]-9-hydroxy-2-methyl-6,7,8,9-tetrahydropyrido[1,2-a]pyrimidin-4-one",0
Cc1nc2n(c(=O)c1CC[NH+]1CCC(c3noc4cc(F)ccc34)CC1)CCCC2,"3-[2-[4-(6-fluoro-1,2-benzoxazol-3-yl)piperidin-1-ium-1-yl]ethyl]-2-methyl-6,7,8,9-tetrahydropyrido[1,2-a]pyrimidin-4-one",0
CO[C@H]1/C=C/O[C@@]2(C)Oc3c(C)c(O)c4c(O)c(c(/C=N/N5CC[NH+](C)CC5)c(O)c4c3C2=O)NC(=O)/C(C)=C\C=C\[C@H](C)[C@H](O)[C@@H](C)[C@@H](O)[C@@H](C)[C@H](OC(C)=O)[C@@H]1C,"[(7S,9E,11S,12R,13S,14R,15R,16R,17S,18S,19E,21Z)-2,15,17,27,29-pentahydroxy-11-methoxy-3,7,12,14,16,18,22-heptamethyl-26-[(E)-(4-methylpiperazin-4-ium-1-yl)iminomethyl]-6,23-dioxo-8,30-dioxa-24-azatetracyclo[23.3.1.14,7.05,28]triaconta-1(29),2,4,9,19,21,25,27-octaen-13-yl] acetate",0
Cc1[nH]c2ccccc2c1CCNCc1ccc(/C=C/C(=O)NO)cc1,(E)-N-hydroxy-3-[4-[[2-(2-methyl-1H-indol-3-yl)ethylamino]methyl]phenyl]prop-2-enamide,1
Cc1cc(-c2ccc(N/N=C3/C(=O)c4c(N)cc(S(=O)(=O)[O-])cc4C=C3S(=O)(=O)[O-])c(C)c2)ccc1N/N=C1/C(=O)c2c(N)cc(S(=O)(=O)[O-])cc2C=C1S(=O)(=O)[O-],"(3Z)-5-amino-3-[[4-[4-[(2Z)-2-(8-amino-1-oxo-3,6-disulfonatonaphthalen-2-ylidene)hydrazinyl]-3-methylphenyl]-2-methylphenyl]hydrazinylidene]-4-oxonaphthalene-2,7-disulfonate",0
Cc1c(OCC(F)(F)F)ccnc1C[S@@](=O)c1nc2ccccc2[nH]1,"2-[(R)-[3-methyl-4-(2,2,2-trifluoroethoxy)-2-pyridinyl]methylsulfinyl]-1H-benzimidazole",0
COCCCOc1ccnc(CS(=O)c2nc3ccccc3[nH]2)c1C,2-[[4-(3-methoxypropoxy)-3-methyl-2-pyridinyl]methylsulfinyl]-1H-benzimidazole,0
CC1=C(C(=O)[O-])N2C(=O)[C@@H](NC(=O)[C@H]([NH3+])C3=CCC=CC3)[C@H]2SC1,"(6R,7R)-7-[[(2R)-2-azaniumyl-2-cyclohexa-1,4-dien-1-ylacetyl]amino]-3-methyl-8-oxo-5-thia-1-azabicyclo[4.2.0]oct-2-ene-2-carboxylate",0
Cc1noc([N-]S(=O)(=O)c2ccc(N)cc2)c1C,"(4-aminophenyl)sulfonyl-(3,4-dimethyl-1,2-oxazol-5-yl)azanide",0
Cc1c(-c2ccccc2)oc2c(C(=O)OCC[NH+]3CCCCC3)cccc2c1=O,2-piperidin-1-ium-1-ylethyl 3-methyl-4-oxo-2-phenylchromene-8-carboxylate,0
CC1[NH2+]CCOC1c1ccccc1,3-methyl-2-phenylmorpholin-4-ium,0
Cc1nc(-c2ccc(OCC(C)C)c(C#N)c2)sc1C(=O)[O-],"2-[3-cyano-4-(2-methylpropoxy)phenyl]-4-methyl-1,3-thiazole-5-carboxylate",0
CO[C@H]1C(=O)[C@]2(C)[C@@H](OC)C[C@H]3OC[C@@]3(OC(C)=O)[C@H]2[C@H](OC(=O)c2ccccc2)[C@]2(O)C[C@H](OC(=O)[C@H](O)[C@@H](NC(=O)OC(C)(C)C)c3ccccc3)C(C)=C1C2(C)C,"[(1S,2S,3R,4S,7R,9S,10S,12R,15S)-4-acetyloxy-1-hydroxy-15-[(2R,3S)-2-hydroxy-3-[(2-methylpropan-2-yl)oxycarbonylamino]-3-phenylpropanoyl]oxy-9,12-dimethoxy-10,14,17,17-tetramethyl-11-oxo-6-oxatetracyclo[11.3.1.03,10.04,7]heptadec-13-en-2-yl] benzoate",0
COc1c(C)c2c(c([O-])c1C/C=C(\C)CCC(=O)[O-])C(=O)OC2,(E)-6-(6-methoxy-7-methyl-4-oxido-3-oxo-1H-2-benzofuran-5-yl)-4-methylhex-4-enoate,0
Cc1c(F)c(N2CC[NH2+]C(C)C2)cc2c1c(=O)c(C(=O)[O-])cn2C1CC1,1-cyclopropyl-6-fluoro-5-methyl-7-(3-methylpiperazin-4-ium-1-yl)-4-oxoquinoline-3-carboxylate,0
Cc1cc(C)c(/C=C2\C(=O)Nc3ccccc32)[nH]1,"(3Z)-3-[(3,5-dimethyl-1H-pyrrol-2-yl)methylidene]-1H-indol-2-one",0
COc1cc(C)c(/C=C/C(C)=C/C=C/C(C)=C/C(=O)[O-])c(C)c1C,"(2E,4E,6E,8E)-9-(4-methoxy-2,3,6-trimethylphenyl)-3,7-dimethylnona-2,4,6,8-tetraenoate",0
Cc1cc(C(C)(C)C)c(O)c(C)c1CC1=[NH+]CCN1,"6-tert-butyl-3-(4,5-dihydro-1H-imidazol-3-ium-2-ylmethyl)-2,4-dimethylphenol",0
Cc1cc(C)c(NC(=O)C[NH+](CC(=O)[O-])CC(=O)[O-])c(C)c1Br,"2-[[2-(3-bromo-2,4,6-trimethylanilino)-2-oxoethyl]-(carboxylatomethyl)azaniumyl]acetate",0
Cc1cc(O)c(C(=O)N[C@@H](C(=O)N[C@@H]2C(=O)N3C(C(=O)[O-])=C(CSc4nnnn4C)CS[C@H]23)c2ccc(O)cc2)cn1,"(6R,7R)-7-[[(2R)-2-(4-hydroxyphenyl)-2-[(6-methyl-4-oxo-1H-pyridine-3-carbonyl)amino]acetyl]amino]-3-[(1-methyltetrazol-5-yl)sulfanylmethyl]-8-oxo-5-thia-1-azabicyclo[4.2.0]oct-2-ene-2-carboxylate",0
Cc1cc(OP(=O)([O-])[O-])c2ccccc2c1OP(=O)([O-])[O-],(2-methyl-4-phosphonatooxynaphthalen-1-yl) phosphate,0
Cc1cc(/C=C/C#N)cc(C)c1Nc1ccnc(Nc2ccc(C#N)cc2)n1,"4-[[4-[4-[(E)-2-cyanoethenyl]-2,6-dimethylanilino]pyrimidin-2-yl]amino]benzonitrile",0
Cc1cc(C2CCCCC2)n([O-])c(=O)c1,6-cyclohexyl-4-methyl-1-oxidopyridin-2-one,0
COC(c1ccccc1)(c1ccccc1)[C@H](Oc1nc(C)cc(C)n1)C(=O)[O-],"(2S)-2-(4,6-dimethylpyrimidin-2-yl)oxy-3-methoxy-3,3-diphenylpropanoate",0
C=C(c1ccc(C(=O)[O-])cc1)c1cc2c(cc1C)C(C)(C)CCC2(C)C,"4-[1-(3,5,5,8,8-pentamethyl-6,7-dihydronaphthalen-2-yl)ethenyl]benzoate",0
Cc1cc2nc3c(=O)[nH]c(=O)nc-3n(C[C@H](O)[C@H](O)[C@H](O)COP(=O)([O-])[O-])c2cc1C,"[(2R,3S,4S)-5-(7,8-dimethyl-2,4-dioxobenzo[g]pteridin-10-yl)-2,3,4-trihydroxypentyl] phosphate",0
Cc1cc2c(s1)=Nc1ccccc1NC=2N1CC[NH+](C)CC1,"2-methyl-4-(4-methylpiperazin-4-ium-1-yl)-10H-thieno[2,3-b][1,5]benzodiazepine",0
C=C1CC[C@@]2(O)[C@H]3Cc4ccc(O)c5c4[C@@]2(CC[NH+]3CC2CC2)[C@H]1O5,"(4R,4aS,7aS,12bS)-3-(cyclopropylmethyl)-7-methylidene-1,2,3,4,5,6,7a,13-octahydro-4,12-methanobenzofuro[3,2-e]isoquinolin-3-ium-4a,9-diol",0
Cc1ccc(C)c(OCCCC(C)(C)C(=O)[O-])c1,"5-(2,5-dimethylphenoxy)-2,2-dimethylpentanoate",0
Cc1c2oc3c(C)ccc(C(=O)NC4C(=O)NC(C(C)C)C(=O)N5CCCC5C(=O)N(C)CC(=O)N(C)C(C(C)C)C(=O)OC4C)c3nc-2c(C(=O)NC2C(=O)NC(C(C)C)C(=O)N3CCCC3C(=O)N(C)CC(=O)N(C)C(C(C)C)C(=O)OC2C)c(N)c1=O,"2-amino-4,6-dimethyl-3-oxo-1-N,9-N-bis[7,11,14-trimethyl-2,5,9,12,15-pentaoxo-3,10-di(propan-2-yl)-8-oxa-1,4,11,14-tetrazabicyclo[14.3.0]nonadecan-6-yl]phenoxazine-1,9-dicarboxamide",0
Cc1ccc(/C(=C\C[NH+]2CCCC2)c2cccc(/C=C/C(=O)[O-])n2)cc1,(E)-3-[6-[(E)-1-(4-methylphenyl)-3-pyrrolidin-1-ium-1-ylprop-1-enyl]-2-pyridinyl]prop-2-enoate,0
Cc1ccc(/C(=C\C[NH+]2CCCC2)c2ccccn2)cc1,2-[(E)-1-(4-methylphenyl)-3-pyrrolidin-1-ium-1-ylprop-1-enyl]pyridine,0
Cc1ccc(C(=O)c2cc(O)c([O-])c([N+](=O)[O-])c2)cc1,2-hydroxy-4-(4-methylbenzoyl)-6-nitrophenolate,0
Cc1ccc(N(CC2=[NH+]CCN2)c2cccc(O)c2)cc1,"3-[N-(4,5-dihydro-1H-imidazol-3-ium-2-ylmethyl)-4-methylanilino]phenol",0
Cc1ccc(NC(=O)c2ccc(CN3CC[NH+](C)CC3)cc2)cc1Nc1nccc(-c2cccnc2)n1,4-[(4-methylpiperazin-4-ium-1-yl)methyl]-N-[4-methyl-3-[(4-pyridin-3-ylpyrimidin-2-yl)amino]phenyl]benzamide,0
Cc1cccc(C[NH+]2CCN(C(c3ccccc3)c3ccc(Cl)cc3)CC2)c1,1-[(4-chlorophenyl)-phenylmethyl]-4-[(3-methylphenyl)methyl]piperazin-4-ium,0
Cc1cccc(Nc2ccccc2C(=O)[O-])c1C,"2-(2,3-dimethylanilino)benzoate",0
Cc1cccc(C)c1NC(=O)C(C)[NH3+],"[1-(2,6-dimethylanilino)-1-oxopropan-2-yl]azanium",0
Cc1cccc(C)c1NC(=O)C1CCCC[NH+]1C,"N-(2,6-dimethylphenyl)-1-methylpiperidin-1-ium-2-carboxamide",0
Cc1nc(Nc2ncc(C(=O)Nc3c(C)cccc3Cl)s2)cc(N2CC[NH+](CCO)CC2)n1,"N-(2-chloro-6-methylphenyl)-2-[[6-[4-(2-hydroxyethyl)piperazin-4-ium-1-yl]-2-methylpyrimidin-4-yl]amino]-1,3-thiazole-5-carboxamide",0
Cc1cccc(C)c1NC(=O)C[NH+](CC(=O)[O-])CC(=O)[O-],"2-[carboxylatomethyl-[2-(2,6-dimethylanilino)-2-oxoethyl]azaniumyl]acetate",0
COc1ccccc1OCC(O)CN1CC[NH+](CC(=O)Nc2c(C)cccc2C)CC1,"N-(2,6-dimethylphenyl)-2-[4-[2-hydroxy-3-(2-methoxyphenoxy)propyl]piperazin-1-ium-1-yl]acetamide",0
Cc1cccc(C)c1OCC(C)[NH3+],"1-(2,6-dimethylphenoxy)propan-2-ylazanium",0
Cc1ccccc1C(OCC[NH+](C)C)c1ccccc1,dimethyl-[2-[(2-methylphenyl)-phenylmethoxy]ethyl]azanium,0
Cc1ccccc1N1CC[NH+](CCc2nnc3n2CCCC3)CC1,"3-[2-[4-(2-methylphenyl)piperazin-1-ium-1-yl]ethyl]-5,6,7,8-tetrahydro-[1,2,4]triazolo[4,3-a]pyridine",0
C[NH2+]CC[C@@H](Oc1ccccc1C)c1ccccc1,methyl-[(3R)-3-(2-methylphenoxy)-3-phenylpropyl]azanium,0
Cc1ccnc([N-]S(=O)(=O)c2ccc(N)cc2)n1,(4-aminophenyl)sulfonyl-(4-methylpyrimidin-2-yl)azanide,0
Cc1ccsc1C(=CCC[NH+]1CCC[C@@H](C(=O)[O-])C1)c1sccc1C,"(3R)-1-[4,4-bis(3-methylthiophen-2-yl)but-3-enyl]piperidin-1-ium-3-carboxylate",0
COc1c(N2CC[NH2+]C(C)C2)c(F)cc2c(=O)c(C(=O)[O-])cn(C3CC3)c12,1-cyclopropyl-6-fluoro-8-methoxy-7-(3-methylpiperazin-4-ium-1-yl)-4-oxoquinoline-3-carboxylate,0
Cc1cnc(C(=O)NCCc2ccc(S(=O)(=O)[N-]C(=O)NC3CCCCC3)cc2)cn1,N'-cyclohexyl-N-[4-[2-[(5-methylpyrazine-2-carbonyl)amino]ethyl]phenyl]sulfonylcarbamimidate,0
C/C(=C\c1csc(C)n1)[C@@H]1C[C@@H]2O[C@]2(C)CCC[C@H](C)[C@H](O)[C@@H](C)C(=O)C(C)(C)[C@@H](O)CC(=O)N1,"(1S,3S,7S,10R,11S,12S,16R)-7,11-dihydroxy-8,8,10,12,16-pentamethyl-3-[(E)-1-(2-methyl-1,3-thiazol-4-yl)prop-1-en-2-yl]-17-oxa-4-azabicyclo[14.1.0]heptadecane-5,9-dione",0
Cc1nnc(C(=O)NC(C)(C)c2nc(C(=O)NCc3ccc(F)cc3)c([O-])c(=O)n2C)o1,"4-[(4-fluorophenyl)methylcarbamoyl]-1-methyl-2-[2-[(5-methyl-1,3,4-oxadiazole-2-carbonyl)amino]propan-2-yl]-6-oxopyrimidin-5-olate",0
Cc1nnc([N-]S(=O)(=O)c2ccc(N)cc2)s1,"(4-aminophenyl)sulfonyl-(5-methyl-1,3,4-thiadiazol-2-yl)azanide",0
Cc1nnc(SCC2=C(C(=O)[O-])N3C(=O)[C@@H](NC(=O)Cn4cnnn4)[C@H]3SC2)s1,"(6R,7R)-3-[(5-methyl-1,3,4-thiadiazol-2-yl)sulfanylmethyl]-8-oxo-7-[[2-(tetrazol-1-yl)acetyl]amino]-5-thia-1-azabicyclo[4.2.0]oct-2-ene-2-carboxylate",0
CC[C@@]1(O)C(=O)OCc2c1cc1n(c2=O)Cc2cc3c(C[NH+](C)C)c(O)ccc3nc2-1,"[(19S)-19-ethyl-7,19-dihydroxy-14,18-dioxo-17-oxa-3,13-diazapentacyclo[11.8.0.02,11.04,9.015,20]henicosa-1(21),2,4(9),5,7,10,15(20)-heptaen-8-yl]methyl-dimethylazanium",0
CC[C@@H]([C@H](C)O)n1ncn(-c2ccc(N3CCN(c4ccc(OC[C@@H]5CO[C@@](Cn6cncn6)(c6ccc(F)cc6F)C5)cc4)CC3)cc2)c1=O,"4-[4-[4-[4-[[(3R,5R)-5-(2,4-difluorophenyl)-5-(1,2,4-triazol-1-ylmethyl)oxolan-3-yl]methoxy]phenyl]piperazin-1-yl]phenyl]-2-[(2S,3S)-2-hydroxypentan-3-yl]-1,2,4-triazol-3-one",0
CC[C@H](OC(C)=O)C(C[C@H](C)[NH+](C)C)(c1ccccc1)c1ccccc1,"[(2S,5S)-5-acetyloxy-4,4-diphenylheptan-2-yl]-dimethylazanium",0
CC[C@@H](C(N)=O)N1CCCC1=O,(2S)-2-(2-oxopyrrolidin-1-yl)butanamide,0
CC[C@@H](c1cccc(O)c1)[C@@H](C)C[NH+](C)C,"[(2R,3R)-3-(3-hydroxyphenyl)-2-methylpentyl]-dimethylazanium",0
CC[C@@H](CO)NCC[NH2+][C@@H](CC)CO,[(2S)-1-hydroxybutan-2-yl]-[2-[[(2S)-1-hydroxybutan-2-yl]amino]ethyl]azanium,0
CC[C@@H](CO)NC(=O)[C@@H]1C=C2c3cccc4[nH]cc(c34)C[C@H]2[NH+](C)C1,"(6aR,9R)-N-[(2S)-1-hydroxybutan-2-yl]-7-methyl-4,6,6a,7,8,9-hexahydroindolo[4,3-fg]quinolin-7-ium-9-carboxamide",0
CC[C@@H]1/C=C(/C)C[C@H](C)C[C@H](OC)[C@H]2O[C@@](O)(C(=O)C(=O)N3CCCC[C@H]3C(=O)O[C@H](/C(C)=C/[C@@H]3CC[C@H](Cl)[C@H](OC)C3)[C@H](C)[C@@H](O)CC1=O)[C@H](C)C[C@@H]2OC,"(1R,9S,12S,13R,14S,17R,18Z,21S,23S,24R,25S,27R)-12-[(E)-1-[(1R,3R,4S)-4-chloro-3-methoxycyclohexyl]prop-1-en-2-yl]-17-ethyl-1,14-dihydroxy-23,25-dimethoxy-13,19,21,27-tetramethyl-11,28-dioxa-4-azatricyclo[22.3.1.04,9]octacos-18-ene-2,3,10,16-tetrone",0
CC[C@H]1OC(=O)[C@H](C)[C@@H](O[C@H]2C[C@@](C)(OC)[C@@H](O)[C@H](C)O2)[C@H](C)[C@@H](O[C@@H]2O[C@H](C)C[C@H]([NH+](C)C)[C@H]2O)[C@](C)(O)C[C@@H](C)C(=O)[C@H](C)[C@@H](O)[C@]1(C)O,"[(2S,3R,4S,6R)-2-[[(3R,4S,5S,6R,7R,9R,11R,12R,13S,14R)-14-ethyl-7,12,13-trihydroxy-4-[(2R,4R,5S,6S)-5-hydroxy-4-methoxy-4,6-dimethyloxan-2-yl]oxy-3,5,7,9,11,13-hexamethyl-2,10-dioxo-oxacyclotetradec-6-yl]oxy]-3-hydroxy-6-methyloxan-4-yl]-dimethylazanium",0
CC[C@H](C)[C@@H]1NC(=O)[C@H](Cc2ccc(O)cc2)NC(=O)[C@@H]([NH3+])CSSC[C@@H](C(=O)N2CCC[C@H]2C(=O)N[C@@H](CC(C)C)C(=O)NCC(N)=O)NC(=O)[C@H](CC(N)=O)NC(=O)[C@H](CCC(N)=O)NC1=O,"[(4R,7S,10S,13S,16S,19R)-7-(2-amino-2-oxoethyl)-4-[(2S)-2-[[(2S)-1-[(2-amino-2-oxoethyl)amino]-4-methyl-1-oxopentan-2-yl]carbamoyl]pyrrolidine-1-carbonyl]-10-(3-amino-3-oxopropyl)-13-[(2S)-butan-2-yl]-16-[(4-hydroxyphenyl)methyl]-6,9,12,15,18-pentaoxo-1,2-dithia-5,8,11,14,17-pentazacycloicos-19-yl]azanium",0
CC[NH+](CC)C(C)C(=O)c1ccccc1,diethyl-(1-oxo-1-phenylpropan-2-yl)azanium,0
CC[NH+](CC)C(C)CN1c2ccccc2Sc2ccccc21,diethyl(1-phenothiazin-10-ylpropan-2-yl)azanium,0
CC[NH+](CC)CC(=O)Nc1c(C)cccc1C,"[2-(2,6-dimethylanilino)-2-oxoethyl]-diethylazanium",0
CC[NH+](CC)Cc1cc(Nc2ccnc3cc(Cl)ccc23)ccc1O,[5-[(7-chloroquinolin-4-yl)amino]-2-hydroxyphenyl]methyl-diethylazanium,0
CC[NH+](CC)CCCC(C)Nc1cc[nH+]c2cc(Cl)ccc12,4-[(7-chloroquinolin-1-ium-4-yl)amino]pentyl-diethylazanium,0
CC[NH+](CC)CCN1C(=O)CN=C(c2ccccc2F)c2cc(Cl)ccc21,"2-[7-chloro-5-(2-fluorophenyl)-2-oxo-3H-1,4-benzodiazepin-1-yl]ethyl-diethylazanium",0
CC[NH+](CC)CCNC(=O)c1c(C)[nH]c(/C=C2\C(=O)Nc3ccc(F)cc32)c1C,"diethyl-[2-[[5-[(Z)-(5-fluoro-2-oxo-1H-indol-3-ylidene)methyl]-2,4-dimethyl-1H-pyrrole-3-carbonyl]amino]ethyl]azanium",0
CC[NH+](CC)CCNC(=O)c1ccc(N)cc1,2-[(4-aminobenzoyl)amino]ethyl-diethylazanium,0
CC[NH+](CC)CCOC(=O)C1(C2CCCCC2)CCCCC1,2-(1-cyclohexylcyclohexanecarbonyl)oxyethyl-diethylazanium,0
CC[NH+](CC)CCOC(=O)c1ccc(N)cc1,2-(4-aminobenzoyl)oxyethyl-diethylazanium,0
CC[NH+](CC)CCOC(=O)c1ccc(N)cc1Cl,2-(4-amino-2-chlorobenzoyl)oxyethyl-diethylazanium,0
CC[NH+](CC)CCOc1ccc(/C(=C(\Cl)c2ccccc2)c2ccccc2)cc1,"2-[4-[(Z)-2-chloro-1,2-diphenylethenyl]phenoxy]ethyl-diethylazanium",0
CC[NH+](CCO)CCCC(C)Nc1cc[nH+]c2cc(Cl)ccc12,4-[(7-chloroquinolin-1-ium-4-yl)amino]pentyl-ethyl-(2-hydroxyethyl)azanium,0
CC[NH2+][C@H]1C[C@H](C)S(=O)(=O)c2sc(S(N)(=O)=O)cc21,"ethyl-[(4S,6S)-6-methyl-7,7-dioxo-2-sulfamoyl-5,6-dihydro-4H-thieno[2,3-b]thiopyran-4-yl]azanium",0
CC[NH2+][C@H]1CN(CCCOC)S(=O)(=O)c2sc(S(N)(=O)=O)cc21,"ethyl-[(4R)-2-(3-methoxypropyl)-1,1-dioxo-6-sulfamoyl-3,4-dihydrothieno[3,2-e]thiazin-4-yl]azanium",0
CC1=C(CC(=O)[O-])c2cc(F)ccc2/C1=C\c1ccc(S(C)=O)cc1,2-[(3Z)-6-fluoro-2-methyl-3-[(4-methylsulfinylphenyl)methylidene]inden-1-yl]acetate,0
C#CC(O)(/C=C/Cl)CC,(E)-1-chloro-3-ethylpent-1-en-4-yn-3-ol,0
CCC([NH2+]C(C)C)C(O)c1ccc(O)c(O)c1,"[1-(3,4-dihydroxyphenyl)-1-hydroxybutan-2-yl]-propan-2-ylazanium",0
C=C(CC)C(=O)c1ccc(OCC(=O)[O-])c(Cl)c1Cl,"2-[2,3-dichloro-4-(2-methylidenebutanoyl)phenoxy]acetate",0
CCC(C)CCCCC(=O)NC(CC[NH3+])C(=O)NC(C(=O)NC(CC[NH3+])C(=O)NC1CCNC(=O)C(C(C)O)NC(=O)C(CC[NH3+])NC(=O)C(CC[NH3+])NC(=O)C(CC(C)C)NC(=O)C(Cc2ccccc2)NC(=O)C(CC[NH3+])NC1=O)C(C)O,"2-[21-[[4-azaniumyl-2-[[2-[[4-azaniumyl-2-(6-methyloctanoylamino)butanoyl]amino]-3-hydroxybutanoyl]amino]butanoyl]amino]-6,18-bis(2-azaniumylethyl)-15-benzyl-3-(1-hydroxyethyl)-12-(2-methylpropyl)-2,5,8,11,14,17,20-heptaoxo-1,4,7,10,13,16,19-heptazacyclotricos-9-yl]ethylazanium",0
CCC(c1ccccc1)c1c([O-])c2ccccc2oc1=O,2-oxo-3-(1-phenylpropyl)chromen-4-olate,0
CCOC(=O)C1=C[C@@H](OC(CC)CC)[C@H](NC(C)=O)[C@@H]([NH3+])C1,"[(1S,5R,6R)-6-acetamido-3-ethoxycarbonyl-5-pentan-3-yloxycyclohex-3-en-1-yl]azanium",0
CCC(Cc1c(I)cc(I)c(N)c1I)C(=O)[O-],"2-[(3-amino-2,4,6-triiodophenyl)methyl]butanoate",0
C=CC([NH3+])CCC(=O)[O-],4-azaniumylhex-5-enoate,0
CCC(=O)[C@@]1(C)[C@H](C)CC2C3CCC4=CC(=O)C=C[C@]4(C)C3[C@@H](O)C[C@@]21C,"(10R,11S,13S,16R,17S)-11-hydroxy-10,13,16,17-tetramethyl-17-propanoyl-7,8,9,11,12,14,15,16-octahydro-6H-cyclopenta[a]phenanthren-3-one",0
CCC(=O)c1ccc2c(c1)N(CC(C)[NH+](C)C)c1ccccc1S2,dimethyl-[1-(2-propanoylphenothiazin-10-yl)propan-2-yl]azanium,0
CCC(=O)N(c1ccccc1)C1(C(=O)OC)CC[NH+](CCC(=O)OC)CC1,methyl 1-(3-methoxy-3-oxopropyl)-4-(N-propanoylanilino)piperidin-1-ium-4-carboxylate,0
CCC(=O)N(c1ccccc1)C1(COC)CC[NH+](CCc2cccs2)CC1,N-[4-(methoxymethyl)-1-(2-thiophen-2-ylethyl)piperidin-1-ium-4-yl]-N-phenylpropanamide,0
CCC(=O)N(c1ccccc1)C1(COC)CC[NH+](CCn2nnn(CC)c2=O)CC1,N-[1-[2-(4-ethyl-5-oxotetrazol-1-yl)ethyl]-4-(methoxymethyl)piperidin-1-ium-4-yl]-N-phenylpropanamide,0
CCC(=O)O[C@@](Cc1ccccc1)(c1ccccc1)[C@@H](C)C[NH+](C)C,"dimethyl-[(2S,3R)-2-methyl-3,4-diphenyl-3-propanoyloxybutyl]azanium",0
CCC(=O)O[C@]1(C(=O)SCF)[C@H](C)C[C@H]2[C@@H]3C[C@H](F)C4=CC(=O)C=C[C@]4(C)[C@@]3(F)[C@@H](O)C[C@@]21C,"[(6S,8S,9R,10S,11S,13S,14S,16R,17R)-6,9-difluoro-17-(fluoromethylsulfanylcarbonyl)-11-hydroxy-10,13,16-trimethyl-3-oxo-6,7,8,11,12,14,15,16-octahydrocyclopenta[a]phenanthren-17-yl] propanoate",0
CCC(=O)O[C@]1(C(=O)CCl)[C@@H](C)CC2C3C[C@H](F)C4=CC(=O)C=CC4(C)[C@@]3(F)C(O)CC21C,"[(6S,9R,16S,17R)-17-(2-chloroacetyl)-6,9-difluoro-11-hydroxy-10,13,16-trimethyl-3-oxo-6,7,8,11,12,14,15,16-octahydrocyclopenta[a]phenanthren-17-yl] propanoate",0
CCC(=O)O[C@](Cc1ccccc1)(c1ccccc1)[C@H](C)C[NH+](C)C,"dimethyl-[(2R,3S)-2-methyl-3,4-diphenyl-3-propanoyloxybutyl]azanium",0
CCC(=O)O[C@H]1CC[C@H]2[C@@H]3CC[C@H]4CC(=O)[C@H](C)C[C@]4(C)[C@H]3CC[C@]12C,"[(2R,5S,8R,9S,10S,13S,14S,17S)-2,10,13-trimethyl-3-oxo-1,2,4,5,6,7,8,9,11,12,14,15,16,17-tetradecahydrocyclopenta[a]phenanthren-17-yl] propanoate",0
CCC(=O)OCCNC(=O)C[n+]1ccccc1,2-[(2-pyridin-1-ium-1-ylacetyl)amino]ethyl propanoate,0
CCC1(c2ccccc2)NC(=O)N(C)C1=O,"5-ethyl-3-methyl-5-phenylimidazolidine-2,4-dione",0
CCC1(c2ccccc2)SCC(=O)NC1=O,"2-ethyl-2-phenylthiomorpholine-3,5-dione",0
CCc1c(C)[nH]c2c1C(=O)C(C[NH+]1CCOCC1)CC2,"3-ethyl-2-methyl-5-(morpholin-4-ium-4-ylmethyl)-1,5,6,7-tetrahydroindol-4-one",0
C=CC1=C(C(=O)[O-])N2C(=O)[C@@H](NC(=O)/C(=N\O)c3csc(N)n3)[C@H]2SC1,"(6R,7R)-7-[[(2Z)-2-(2-amino-1,3-thiazol-4-yl)-2-hydroxyiminoacetyl]amino]-3-ethenyl-8-oxo-5-thia-1-azabicyclo[4.2.0]oct-2-ene-2-carboxylate",0
C=CC1=C(C(=O)[O-])N2C(=O)[C@@H](NC(=O)/C(=N\OCC(=O)[O-])c3csc(N)n3)[C@H]2SC1,"(6R,7R)-7-[[(2Z)-2-(2-amino-1,3-thiazol-4-yl)-2-(carboxylatomethoxyimino)acetyl]amino]-3-ethenyl-8-oxo-5-thia-1-azabicyclo[4.2.0]oct-2-ene-2-carboxylate",0
CCc1c2c(nc3ccc(OC(=O)N4CCC([NH+]5CCCCC5)CC4)cc13)-c1cc3c(c(=O)n1C2)COC(=O)[C@]3(O)CC,"[(19S)-10,19-diethyl-19-hydroxy-14,18-dioxo-17-oxa-3,13-diazapentacyclo[11.8.0.02,11.04,9.015,20]henicosa-1(21),2,4(9),5,7,10,15(20)-heptaen-7-yl] 4-piperidin-1-ium-1-ylpiperidine-1-carboxylate",0
CCc1cc2c(cc1CC)CC([NH2+]C[C@H](O)c1ccc(O)c3[nH]c(=O)ccc13)C2,"(5,6-diethyl-2,3-dihydro-1H-inden-2-yl)-[(2R)-2-hydroxy-2-(8-hydroxy-2-oxo-1H-quinolin-5-yl)ethyl]azanium",0
CCc1cccc2c3c([nH]c12)C(CC)(CC(=O)[O-])OCC3,"2-(1,8-diethyl-4,9-dihydro-3H-pyrano[3,4-b]indol-1-yl)acetate",0
CCc1nn(CCC[NH+]2CCN(c3cccc(Cl)c3)CC2)c(=O)n1CCOc1ccccc1,"2-[3-[4-(3-chlorophenyl)piperazin-1-ium-1-yl]propyl]-5-ethyl-4-(2-phenoxyethyl)-1,2,4-triazol-3-one",0
CCC[C@H](NC(=O)[C@@H]1[C@H]2CCC[C@H]2CN1C(=O)[C@@H](NC(=O)[C@@H](NC(=O)c1cnccn1)C1CCCCC1)C(C)(C)C)C(=O)C(=O)NC1CC1,"(3S,3aS,6aR)-2-[(2S)-2-[[(2S)-2-cyclohexyl-2-(pyrazine-2-carbonylamino)acetyl]amino]-3,3-dimethylbutanoyl]-N-[(3S)-1-(cyclopropylamino)-1,2-dioxohexan-3-yl]-3,3a,4,5,6,6a-hexahydro-1H-cyclopenta[c]pyrrole-3-carboxamide",0
CCC[C@H]([NH2+][C@@H](C)C(=O)N1[C@H](C(=O)[O-])C[C@@H]2CCCC[C@@H]21)C(=O)OCC,"(2S,3aS,7aS)-1-[(2S)-2-[[(2S)-1-ethoxy-1-oxopentan-2-yl]azaniumyl]propanoyl]-2,3,3a,4,5,6,7,7a-octahydroindole-2-carboxylate",0
CCC[C@@H]1C[C@@H](C(=O)N[C@@H]([C@H]2O[C@H](SC)[C@H](O)[C@@H](O)[C@H]2O)[C@@H](C)O)[NH+](C)C1,"(2S,4R)-N-[(1R,2R)-2-hydroxy-1-[(2R,3R,4S,5R,6R)-3,4,5-trihydroxy-6-methylsulfanyloxan-2-yl]propyl]-1-methyl-4-propylpyrrolidin-1-ium-2-carboxamide",0
CCC[C@@H]1C[C@@H](C(=O)NC(C(C)Cl)[C@H]2O[C@H](SC)[C@H](O)[C@@H](O)[C@H]2O)[NH+](C)C1,"(2S,4R)-N-[2-chloro-1-[(2R,3R,4S,5R,6R)-3,4,5-trihydroxy-6-methylsulfanyloxan-2-yl]propyl]-1-methyl-4-propylpyrrolidin-1-ium-2-carboxamide",0
CCC[NH+](CC)C(CC)C(=O)Nc1c(C)cccc1C,"[1-(2,6-dimethylanilino)-1-oxobutan-2-yl]-ethyl-propylazanium",0
CCC[NH+](CCC)CCc1cccc2c1CC(=O)N2,"2-(2-oxo-1,3-dihydroindol-4-yl)ethyl-dipropylazanium",0
CCC[NH+](CCc1cccs1)[C@H]1CCc2c(O)cccc2C1,"[(2S)-5-hydroxy-1,2,3,4-tetrahydronaphthalen-2-yl]-propyl-(2-thiophen-2-ylethyl)azanium",0
CCC[NH+]1C[C@H](CSC)C[C@@H]2c3cccc4[nH]cc(c34)C[C@H]21,"(6aR,9R,10aR)-9-(methylsulfanylmethyl)-7-propyl-4,6,6a,7,8,9,10,10a-octahydroindolo[4,3-fg]quinolin-7-ium",0
C=CC[NH+]1CC[C@]23c4c5ccc(O)c4O[C@H]2C(=O)CC[C@@]3(O)[C@H]1C5,"(4R,4aS,7aR,12bS)-4a,9-dihydroxy-3-prop-2-enyl-1,2,3,4,5,6,7a,13-octahydro-4,12-methanobenzofuro[3,2-e]isoquinolin-3-ium-7-one",0
CCC[NH+]1CCCC[C@H]1C(=O)Nc1c(C)cccc1C,"(2S)-N-(2,6-dimethylphenyl)-1-propylpiperidin-1-ium-2-carboxamide",0
CCC[NH2+][C@H]1CCc2nc(N)sc2C1,"[(6S)-2-amino-4,5,6,7-tetrahydro-1,3-benzothiazol-6-yl]-propylazanium",0
CCC[NH2+]C(C)C(=O)Nc1c(C)csc1C(=O)OC,[1-[(2-methoxycarbonyl-4-methylthiophen-3-yl)amino]-1-oxopropan-2-yl]-propylazanium,0
CCC[NH2+]C(C)C(=O)Nc1ccccc1C,[1-(2-methylanilino)-1-oxopropan-2-yl]-propylazanium,0
CCCc1nn(C)c2c(=O)[nH]c(-c3cc(S(=O)(=O)N4CC[NH+](C)CC4)ccc3OCC)nc12,"5-[2-ethoxy-5-(4-methylpiperazin-4-ium-1-yl)sulfonylphenyl]-1-methyl-3-propyl-6H-pyrazolo[4,5-d]pyrimidin-7-one",0
CCCc1c2oc(C(=O)[O-])cc(=O)c2cc2c(=O)cc(C(=O)[O-])n(CC)c12,"9-ethyl-4,6-dioxo-10-propylpyrano[3,2-g]quinoline-2,8-dicarboxylate",0
CCCc1nc(C(C)(C)O)c(C(=O)OCc2oc(=O)oc2C)n1Cc1ccc(-c2ccccc2-c2nn[n-]n2)cc1,"(5-methyl-2-oxo-1,3-dioxol-4-yl)methyl 5-(2-hydroxypropan-2-yl)-2-propyl-3-[[4-[2-(1,2,3-triaza-4-azanidacyclopenta-2,5-dien-5-yl)phenyl]phenyl]methyl]imidazole-4-carboxylate",0
CCCc1nc2c(C)cc(-c3nc4ccccc4n3C)cc2n1Cc1ccc(-c2ccccc2C(=O)[O-])cc1,2-[4-[[4-methyl-6-(1-methylbenzimidazol-2-yl)-2-propylbenzimidazol-1-yl]methyl]phenyl]benzoate,0
CCCC[NH+](CCCC)CCC(O)c1cc2c(Cl)cc(Cl)cc2c2cc(C(F)(F)F)ccc12,"dibutyl-[3-[1,3-dichloro-6-(trifluoromethyl)phenanthren-9-yl]-3-hydroxypropyl]azanium",0
CCCC[NH+]1C[C@H](O)[C@@H](O)[C@H](O)[C@H]1CO,"(2R,3R,4R,5S)-1-butyl-2-(hydroxymethyl)piperidin-1-ium-3,4,5-triol",0
CCCC[NH+]1CCCC[C@H]1C(=O)Nc1c(C)cccc1C,"(2S)-1-butyl-N-(2,6-dimethylphenyl)piperidin-1-ium-2-carboxamide",0
CCCC[NH+]1CCCCC1C(=O)Nc1c(C)cccc1C,"1-butyl-N-(2,6-dimethylphenyl)piperidin-1-ium-2-carboxamide",0
CCCCC(=O)N(Cc1ccc(-c2ccccc2-c2nnn[n-]2)cc1)[C@H](C(=O)[O-])C(C)C,"(2S)-3-methyl-2-[pentanoyl-[[4-[2-(1,2,3-triaza-4-azanidacyclopenta-2,5-dien-5-yl)phenyl]phenyl]methyl]amino]butanoate",0
CCCCc1[nH+]cc(/C=C(\Cc2cccs2)C(=O)[O-])n1Cc1ccc(C(=O)[O-])cc1,4-[[2-butyl-5-[(E)-2-carboxy-3-thiophen-2-ylprop-1-enyl]imidazol-1-yl]methyl]benzoate,0
CCCCc1oc2ccc(NS(C)(=O)=O)cc2c1C(=O)c1ccc(OCCC[NH+](CCCC)CCCC)cc1,dibutyl-[3-[4-[2-butyl-5-(methanesulfonamido)-1-benzofuran-3-carbonyl]phenoxy]propyl]azanium,0
CCCCC[C@H](O)/C=C/[C@@H]1[C@@H](C/C=C\CCCC(=O)[O-])[C@@H](O)C[C@H]1O,"(Z)-7-[(1R,2R,3R,5S)-3,5-dihydroxy-2-[(E,3S)-3-hydroxyoct-1-enyl]cyclopentyl]hept-5-enoate",0
CCCCC[C@H](O)/C=C/[C@H]1[C@H](O)CC(=O)[C@@H]1C/C=C\CCCC(=O)[O-],"(Z)-7-[(1R,2R,3R)-3-hydroxy-2-[(E,3S)-3-hydroxyoct-1-enyl]-5-oxocyclopentyl]hept-5-enoate",0
CCCCC[C@H](O)/C=C/[C@H]1[C@H](O)CC(=O)[C@@H]1CCCCCCC(=O)[O-],"7-[(1R,2R,3R)-3-hydroxy-2-[(E,3S)-3-hydroxyoct-1-enyl]-5-oxocyclopentyl]heptanoate",0
CCCCC[C@@H](O)CC[C@H]1[C@@H]2Cc3cccc(OCC(=O)[O-])c3C[C@@H]2C[C@@H]1O,"2-[[(1S,2S,3aR,9aR)-2-hydroxy-1-[(3R)-3-hydroxyoctyl]-2,3,3a,4,9,9a-hexahydro-1H-cyclopenta[g]naphthalen-5-yl]oxy]acetate",0
CCCCC[NH+](C)CCC(O)(P(=O)([O-])[O-])P(=O)([O-])[O-],"(3-hydroxy-3,3-diphosphonatopropyl)-methyl-pentylazanium",0
CCCCCCC(C)(C)c1cc(O)c2c(c1)OC(C)(C)[C@@H]1CCC(=O)C[C@@H]21,"(6aR,10aR)-1-hydroxy-6,6-dimethyl-3-(2-methyloctan-2-yl)-7,8,10,10a-tetrahydro-6aH-benzo[c]chromen-9-one",0
CCCCCCC(=O)O[C@H]1CC[C@H]2[C@@H]3CCC4=CC(=O)CC[C@]4(C)[C@H]3CC[C@]12C,"[(8R,9S,10R,13S,14S,17S)-10,13-dimethyl-3-oxo-1,2,6,7,8,9,11,12,14,15,16,17-dodecahydrocyclopenta[a]phenanthren-17-yl] heptanoate",0
CCCCCCCC/C=C\CCCCCCCC(=O)[O-],(Z)-octadec-9-enoate,0
CCCCCCCCc1ccc(CCC([NH3+])(CO)CO)cc1,[1-hydroxy-2-(hydroxymethyl)-4-(4-octylphenyl)butan-2-yl]azanium,0
CCCCCCCCC[NH+]1C[C@H](O)[C@@H](O)[C@H](O)[C@H]1CO,"(2R,3R,4R,5S)-2-(hydroxymethyl)-1-nonylpiperidin-1-ium-3,4,5-triol",0
CCCCCCCCCc1ccc(OCCOCCOCCOCCOCCOCCOCCOCCOCCO)cc1,2-[2-[2-[2-[2-[2-[2-[2-[2-(4-nonylphenoxy)ethoxy]ethoxy]ethoxy]ethoxy]ethoxy]ethoxy]ethoxy]ethoxy]ethanol,0
CCCCCCCCCCCC(=O)OCCNC(=O)C[n+]1ccccc1,2-[(2-pyridin-1-ium-1-ylacetyl)amino]ethyl dodecanoate,0
CCCCCCCCCCCCCC(=O)OC[C@H](COP(=O)([O-])OCC[N+](C)(C)C)OC(=O)CCCCCCCCCCCCC,"[(2R)-2,3-di(tetradecanoyloxy)propyl] 2-(trimethylazaniumyl)ethyl phosphate",0
CCCCCCCCCCCCCCCC(=O)OCC(COP(=O)([O-])OCC[N+](C)(C)C)OC(=O)CCCCCCCCCCCCCCC,"2,3-di(hexadecanoyloxy)propyl 2-(trimethylazaniumyl)ethyl phosphate",0
CCCCCCOC(=O)CCC(=O)C[NH3+],"(5-hexoxy-2,5-dioxopentyl)azanium",0
CCCCNC(=O)[N-]S(=O)(=O)c1ccc(C)cc1,N'-butyl-N-(4-methylphenyl)sulfonylcarbamimidate,0
CCCCNc1cc(C(=O)[O-])cc(S(N)(=O)=O)c1Oc1ccccc1,3-(butylamino)-4-phenoxy-5-sulfamoylbenzoate,0
CCCCNc1ccc(C(=O)OCC[NH+](C)C)cc1,2-[4-(butylamino)benzoyl]oxyethyl-dimethylazanium,0
CCCCOc1cc(C(=O)NCC[NH+](CC)CC)c2ccccc2n1,2-[(2-butoxyquinoline-4-carbonyl)amino]ethyl-diethylazanium,0
CCCCOc1cc(C(=O)OCC[NH+](CC)CC)ccc1N,2-(4-amino-3-butoxybenzoyl)oxyethyl-diethylazanium,0
CCCCOc1ccc(C(=O)CC[NH+]2CCCCC2)cc1,1-(4-butoxyphenyl)-3-piperidin-1-ium-1-ylpropan-1-one,0
CCCCOc1ccc(OCCC[NH+]2CCOCC2)cc1,4-[3-(4-butoxyphenoxy)propyl]morpholin-4-ium,0
CCCCS(=O)(=O)N[C@@H](Cc1ccc(OCCCCC2CC[NH2+]CC2)cc1)C(=O)[O-],(2S)-2-(butylsulfonylamino)-3-[4-(4-piperidin-1-ium-4-ylbutoxy)phenyl]propanoate,0
CCCN(CCC)S(=O)(=O)c1ccc(C(=O)[O-])cc1,4-(dipropylsulfamoyl)benzoate,0
CCCNC(=O)[N-]S(=O)(=O)c1ccc(Cl)cc1,N-(4-chlorophenyl)sulfonyl-N'-propylcarbamimidate,0
CCCOC(=O)Cn1cc(I)c(=O)c(I)c1,"propyl 2-(3,5-diiodo-4-oxo-1-pyridinyl)acetate",0
CCCOc1ccc(C(=O)OCC[NH+](CC)CC)cc1N,2-(3-amino-4-propoxybenzoyl)oxyethyl-diethylazanium,0
CCCSc1nc(N[C@@H]2C[C@H]2c2ccc(F)c(F)c2)c2nnn([C@@H]3C[C@H](OCCO)[C@@H](O)[C@H]3O)c2n1,"(1S,2S,3R,5S)-3-[7-[[(1R,2S)-2-(3,4-difluorophenyl)cyclopropyl]amino]-5-propylsulfanyltriazolo[4,5-d]pyrimidin-3-yl]-5-(2-hydroxyethoxy)cyclopentane-1,2-diol",0
CCN(C)C(=O)Oc1cccc([C@H](C)[NH+](C)C)c1,[(1S)-1-[3-[ethyl(methyl)carbamoyl]oxyphenyl]ethyl]-dimethylazanium,0
C/C=C/C(=O)N(CC)c1ccccc1C,(E)-N-ethyl-N-(2-methylphenyl)but-2-enamide,0
CCN(CC)C(=O)/C(C#N)=C/c1cc(O)c([O-])c([N+](=O)[O-])c1,4-[(E)-2-cyano-3-(diethylamino)-3-oxoprop-1-enyl]-2-hydroxy-6-nitrophenolate,0
CCN(CC)C(=O)[C@]1(c2ccccc2)C[C@@H]1C[NH3+],"[(1S,2R)-2-(diethylcarbamoyl)-2-phenylcyclopropyl]methylazanium",0
CCN(CC)C(=O)N1CC[NH+](C)CC1,"N,N-diethyl-4-methylpiperazin-4-ium-1-carboxamide",0
CCN(CC)CCNC(=O)c1c(C)[nH]c(/C=C2\C(=O)Nc3ccc(F)cc32)c1C,"N-[2-(diethylamino)ethyl]-5-[(Z)-(5-fluoro-2-oxo-1H-indol-3-ylidene)methyl]-2,4-dimethyl-1H-pyrrole-3-carboxamide",1
CCN(CC)CCS(=O)(=O)[C@@H]1CCN2C(=O)c3coc(n3)CC(=O)C[C@H](O)/C=C(C)/C=C/CNC(=O)/C=C/[C@@H](C)[C@@H](C(C)C)OC(=O)C12,"(6R,10R,11R,12E,17E,19E,21S)-6-[2-(diethylamino)ethylsulfonyl]-21-hydroxy-11,19-dimethyl-10-propan-2-yl-9,26-dioxa-3,15,28-triazatricyclo[23.2.1.03,7]octacosa-1(27),12,17,19,25(28)-pentaene-2,8,14,23-tetrone",0
CCn1nc(C(=O)[O-])c(=O)c2cc3c(cc21)OCO3,"1-ethyl-4-oxo-[1,3]dioxolo[4,5-g]cinnoline-3-carboxylate",0
CCN1CC(CC[NH+]2CCOCC2)C(c2ccccc2)(c2ccccc2)C1=O,"1-ethyl-4-(2-morpholin-4-ium-4-ylethyl)-3,3-diphenylpyrrolidin-2-one",0
CCn1cc(C(=O)[O-])c(=O)c2cc(F)c(N3CC[NH2+]C(C)C3)c(F)c21,"1-ethyl-6,8-difluoro-7-(3-methylpiperazin-4-ium-1-yl)-4-oxoquinoline-3-carboxylate",0
CCn1cc(C(=O)[O-])c(=O)c2cc(F)c(N3CC[NH2+]CC3)cc21,1-ethyl-6-fluoro-4-oxo-7-piperazin-4-ium-1-ylquinoline-3-carboxylate,0
CCn1cc(C(=O)[O-])c(=O)c2cc(F)c(N3CC[NH2+]CC3)nc21,"1-ethyl-6-fluoro-4-oxo-7-piperazin-4-ium-1-yl-1,8-naphthyridine-3-carboxylate",0
CCn1cc(C(=O)[O-])c(=O)c2ccc(C)nc21,"1-ethyl-7-methyl-4-oxo-1,8-naphthyridine-3-carboxylate",0
CCN1CCN(C(=O)N[C@@H](C(=O)N[C@@H]2C(=O)N3[C@@H]2SC(C)(C)[C@@H]3C(=O)[O-])c2ccccc2)C(=O)C1=O,"(2S,5R,6R)-6-[[(2R)-2-[(4-ethyl-2,3-dioxopiperazine-1-carbonyl)amino]-2-phenylacetyl]amino]-3,3-dimethyl-7-oxo-4-thia-1-azabicyclo[3.2.0]heptane-2-carboxylate",0
CCNC(=O)[C@@H]1CCCN1C(=O)[C@H](CCCNC(N)=[NH2+])NC(=O)[C@H](CC(C)C)NC(=O)[C@@H](CC(C)C)NC(=O)[C@H](Cc1ccc(O)cc1)NC(=O)[C@H](CO)NC(=O)[C@H](Cc1c[nH]c2ccccc12)NC(=O)[C@H](Cc1cnc[nH]1)NC(=O)[C@@H]1CCC(=O)N1,diaminomethylidene-[(4S)-5-[(2S)-2-(ethylcarbamoyl)pyrrolidin-1-yl]-4-[[(2S)-2-[[(2R)-2-[[(2S)-2-[[(2S)-3-hydroxy-2-[[(2S)-2-[[(2S)-3-(1H-imidazol-5-yl)-2-[[(2S)-5-oxopyrrolidine-2-carbonyl]amino]propanoyl]amino]-3-(1H-indol-3-yl)propanoyl]amino]propanoyl]amino]-3-(4-hydroxyphenyl)propanoyl]amino]-4-methylpentanoyl]amino]-4-methylpentanoyl]amino]-5-oxopentyl]azanium,0
CCNC(=O)CCC/C=C\C[C@@H]1[C@@H](/C=C/[C@@H](O)CCc2ccccc2)[C@H](O)C[C@@H]1O,"(Z)-7-[(1R,2R,3R,5S)-3,5-dihydroxy-2-[(E,3S)-3-hydroxy-5-phenylpent-1-enyl]cyclopentyl]-N-ethylhept-5-enamide",0
CCOC(=O)[C@@](C)([NH3+])Cc1ccc(O)c(O)c1,"[(2S)-3-(3,4-dihydroxyphenyl)-1-ethoxy-2-methyl-1-oxopropan-2-yl]azanium",0
CCOC(=O)[C@H](CCc1ccccc1)[NH2+][C@@H](C)C(=O)N1[C@H](C(=O)[O-])C[C@@H]2CCC[C@@H]21,"(2S,3aS,6aS)-1-[(2S)-2-[[(2S)-1-ethoxy-1-oxo-4-phenylbutan-2-yl]azaniumyl]propanoyl]-3,3a,4,5,6,6a-hexahydro-2H-cyclopenta[b]pyrrole-2-carboxylate",0
CCOC(=O)[C@H](CCc1ccccc1)[NH2+][C@@H](C)C(=O)N1[C@H](C(=O)[O-])C[C@H]2CCCC[C@@H]21,"(2S,3aR,7aS)-1-[(2S)-2-[[(2S)-1-ethoxy-1-oxo-4-phenylbutan-2-yl]azaniumyl]propanoyl]-2,3,3a,4,5,6,7,7a-octahydroindole-2-carboxylate",0
CCOC(=O)[C@H](CCc1ccccc1)[NH2+][C@@H](C)C(=O)N1CC2(C[C@H]1C(=O)[O-])SCCS2,"(8S)-7-[(2S)-2-[[(2S)-1-ethoxy-1-oxo-4-phenylbutan-2-yl]azaniumyl]propanoyl]-1,4-dithia-7-azaspiro[4.4]nonane-8-carboxylate",0
CCOC(=O)[C@H](CCc1ccccc1)[NH2+][C@@H](C)C(=O)N1Cc2cc(OC)c(OC)cc2C[C@H]1C(=O)[O-],"(3S)-2-[(2S)-2-[[(2S)-1-ethoxy-1-oxo-4-phenylbutan-2-yl]azaniumyl]propanoyl]-6,7-dimethoxy-3,4-dihydro-1H-isoquinoline-3-carboxylate",0
CCOC(=O)[C@H](CCc1ccccc1)[NH2+][C@@H](C)C(=O)N1Cc2ccccc2C[C@H]1C(=O)[O-],"(3S)-2-[(2S)-2-[[(2S)-1-ethoxy-1-oxo-4-phenylbutan-2-yl]azaniumyl]propanoyl]-3,4-dihydro-1H-isoquinoline-3-carboxylate",0
CCOC(=O)[C@H](CCc1ccccc1)[NH2+][C@@H](C)C(=O)N1CCC[C@H]1C(=O)[O-],(2S)-1-[(2S)-2-[[(2S)-1-ethoxy-1-oxo-4-phenylbutan-2-yl]azaniumyl]propanoyl]pyrrolidine-2-carboxylate,0
CCOC(=O)[C@H](CCc1ccccc1)[NH2+][C@H]1CCc2ccccc2N(CC(=O)[O-])C1=O,"2-[(3S)-3-[[(2S)-1-ethoxy-1-oxo-4-phenylbutan-2-yl]azaniumyl]-2-oxo-4,5-dihydro-3H-1-benzazepin-1-yl]acetate",0
CCOC(=O)C1(c2ccccc2)CC[NH+](C)CC1,ethyl 1-methyl-4-phenylpiperidin-1-ium-4-carboxylate,0
CCOC(=O)C1(c2ccccc2)CC[NH+](CCC(C#N)(c2ccccc2)c2ccccc2)CC1,"ethyl 1-(3-cyano-3,3-diphenylpropyl)-4-phenylpiperidin-1-ium-4-carboxylate",0
CCOC(=O)C1(c2ccccc2)CC[NH+](CCc2ccc(N)cc2)CC1,ethyl 1-[2-(4-aminophenyl)ethyl]-4-phenylpiperidin-1-ium-4-carboxylate,0
CCOC(=O)C1=C(COCC[NH3+])NC(C)=C(C(=O)OC)C1c1ccccc1Cl,"2-[[4-(2-chlorophenyl)-3-ethoxycarbonyl-5-methoxycarbonyl-6-methyl-1,4-dihydropyridin-2-yl]methoxy]ethylazanium",0
CCOC(=O)CCCCCCCCC(C)c1ccccc1I,ethyl 10-(2-iodophenyl)undecanoate,0
CCOC(=O)Nc1ccc(NCc2ccc(F)cc2)cc1N,ethyl N-[2-amino-4-[(4-fluorophenyl)methylamino]phenyl]carbamate,0
CCOC(=O)Nc1ccc2c(c1)N(C(=O)CC[NH+]1CCOCC1)c1ccccc1S2,ethyl N-[10-(3-morpholin-4-ium-4-ylpropanoyl)phenothiazin-2-yl]carbamate,0
CCOc1cc(CC(=O)N[C@@H](CC(C)C)c2ccccc2N2CCCCC2)ccc1C(=O)[O-],2-ethoxy-4-[2-[[(1S)-3-methyl-1-(2-piperidin-1-ylphenyl)butyl]amino]-2-oxoethyl]benzoate,0
CCOc1ccc(-c2cc(C)cn2-c2ccc(S(N)(=O)=O)cc2)cc1,4-[2-(4-ethoxyphenyl)-4-methylpyrrol-1-yl]benzenesulfonamide,1
CCOc1nc2cccc(C(=O)OCc3oc(=O)oc3C)c2n1Cc1ccc(-c2ccccc2-c2nc(=O)o[nH]2)cc1,"(5-methyl-2-oxo-1,3-dioxol-4-yl)methyl 2-ethoxy-3-[[4-[2-(5-oxo-4H-1,2,4-oxadiazol-3-yl)phenyl]phenyl]methyl]benzimidazole-4-carboxylate",0
CCOCCP(CCOCC)CCP(CCOCC)CCOCC,2-[bis(2-ethoxyethyl)phosphanyl]ethyl-bis(2-ethoxyethyl)phosphane,0
CCOP(=O)(OCC)SCC[N+](C)(C)C,2-diethoxyphosphorylsulfanylethyl(trimethyl)azanium,0
Cl[201Tl],chloro(201Tl)thallium-201,0
Cl[Cr](Cl)Cl,trichlorochromium,0
Cl[Mn]Cl,dichloromanganese,0
CN(C)C(=[NH2+])NC(N)=[NH2+],[amino(diaminomethylideneazaniumyl)methylidene]-dimethylazanium,0
CN(C)C(=O)C(CC[NH+]1CCC(O)(c2ccc(Cl)cc2)CC1)(c1ccccc1)c1ccccc1,"4-[4-(4-chlorophenyl)-4-hydroxypiperidin-1-ium-1-yl]-N,N-dimethyl-2,2-diphenylbutanamide",0
CN(C(=O)CC(=O)N(C)c1c(I)c(C(=O)NC(CO)C(O)CO)c(I)c(C(=O)NC(CO)C(O)CO)c1I)c1c(I)c(C(=O)NC(CO)C(O)CO)c(I)c(C(=O)NC(CO)C(O)CO)c1I,"2,4,6-triiodo-5-[methyl-[3-oxo-3-[2,4,6-triiodo-N-methyl-3,5-bis(1,3,4-trihydroxybutan-2-ylcarbamoyl)anilino]propanoyl]amino]-1-N,3-N-bis(1,3,4-trihydroxybutan-2-yl)benzene-1,3-dicarboxamide",0
CN(Cc1cnc2nc(N)nc(N)c2n1)c1ccc(C(=O)N[C@@H](CCC(=O)[O-])C(=O)[O-])cc1,"(2S)-2-[[4-[(2,4-diaminopteridin-6-yl)methyl-methylamino]benzoyl]amino]pentanedioate",0
CN(CCCCCCCCCCN(C)C(=O)Oc1cccc([N+](C)(C)C)c1)C(=O)Oc1cccc([N+](C)(C)C)c1,trimethyl-[3-[methyl-[10-[methyl-[3-(trimethylazaniumyl)phenoxy]carbonylamino]decyl]carbamoyl]oxyphenyl]azanium,0
CN(CCOc1ccc(CC2SC(=O)[N-]C2=O)cc1)c1ccccn1,"5-[[4-[2-[methyl(pyridin-2-yl)amino]ethoxy]phenyl]methyl]-4-oxo-1,3-thiazol-2-olate",0
CN/C(NCc1ccccc1)=[NH+]\C,[(benzylamino)-(methylamino)methylidene]-methylazanium,0
CO/N=C(\C(=O)N[C@@H]1C(=O)N2C(C(=O)[O-])=C(CSc3nc(=O)c(=O)[nH]n3C)CS[C@H]12)c1csc(N)n1,"(6R,7R)-7-[[(2Z)-2-(2-amino-1,3-thiazol-4-yl)-2-methoxyiminoacetyl]amino]-3-[(2-methyl-5,6-dioxo-1H-1,2,4-triazin-3-yl)sulfanylmethyl]-8-oxo-5-thia-1-azabicyclo[4.2.0]oct-2-ene-2-carboxylate",0
CO[C@@]1(NC(=O)C2SC(=C(C(N)=O)C(=O)[O-])S2)C(=O)N2C(C(=O)[O-])=C(CSc3nnnn3C)CS[C@@H]21,"(6R,7S)-7-[[4-(2-amino-1-carboxylato-2-oxoethylidene)-1,3-dithietane-2-carbonyl]amino]-7-methoxy-3-[(1-methyltetrazol-5-yl)sulfanylmethyl]-8-oxo-5-thia-1-azabicyclo[4.2.0]oct-2-ene-2-carboxylate",0
CO/N=C(\C(=O)N[C@@H]1C(=O)N2C(C(=O)[O-])=C(CSc3nnnn3C)CS[C@H]12)c1csc(N)n1,"(6R,7R)-7-[[(2Z)-2-(2-amino-1,3-thiazol-4-yl)-2-methoxyiminoacetyl]amino]-3-[(1-methyltetrazol-5-yl)sulfanylmethyl]-8-oxo-5-thia-1-azabicyclo[4.2.0]oct-2-ene-2-carboxylate",0
CN1c2c([nH]c(N)nc2=O)NC[C@@H]1CNc1ccc(C(=O)N[C@@H](CCC(=O)[O-])C(=O)[O-])cc1,"(2S)-2-[[4-[[(6S)-2-amino-5-methyl-4-oxo-3,6,7,8-tetrahydropteridin-6-yl]methylamino]benzoyl]amino]pentanedioate",0
Cn1c(CCCC(=O)[O-])nc2cc(N(CCCl)CCCl)ccc21,4-[5-[bis(2-chloroethyl)amino]-1-methylbenzimidazol-2-yl]butanoate,0
Cn1nc(C(=O)NC2CC3CCCC(C2)[NH+]3C)c2ccccc21,1-methyl-N-(9-methyl-9-azoniabicyclo[3.3.1]nonan-3-yl)indazole-3-carboxamide,0
CN1CC[NH+](CCCN2c3ccccc3Sc3ccc(Cl)cc32)CC1,2-chloro-10-[3-(4-methylpiperazin-1-ium-1-yl)propyl]phenothiazine,0
CN1CCC[NH+]=C1COC(=O)C(O)(c1ccccc1)C1CCCCC1,"(3-methyl-1,4,5,6-tetrahydropyrimidin-3-ium-2-yl)methyl 2-cyclohexyl-2-hydroxy-2-phenylacetate",0
Cn1cnc([N+](=O)[O-])c1C[N+](C)(C)C/C=C/C(=O)Nc1cc2c(Nc3ccc(Cl)c(Br)c3)ncnc2cn1,"[(E)-4-[[4-(3-bromo-4-chloroanilino)pyrido[3,4-d]pyrimidin-6-yl]amino]-4-oxobut-2-enyl]-dimethyl-[(3-methyl-5-nitroimidazol-4-yl)methyl]azanium",1
CNC1=[NH+]c2ccc(Cl)cc2C(c2ccccc2)=[N+]([O-])C1,"7-chloro-4-hydroxy-N-methyl-5-phenyl-1,3-dihydro-1,4-benzodiazepin-4-ium-2-imine",0
CNS(=O)(=O)Cc1ccc2[nH]cc(CC[NH+](C)C)c2c1,dimethyl-[2-[5-(methylsulfamoylmethyl)-1H-indol-3-yl]ethyl]azanium,0
CNS(=O)(=O)CCc1ccc2[nH]cc(C3CC[NH+](C)CC3)c2c1,N-methyl-2-[3-(1-methylpiperidin-1-ium-4-yl)-1H-indol-5-yl]ethanesulfonamide,0
CO/N=C(\C(=O)N[C@@H]1C(=O)N2C(C(=O)[O-])=C(COC(N)=O)CS[C@H]12)c1ccco1,"(6R,7R)-3-(carbamoyloxymethyl)-7-[[(2Z)-2-(furan-2-yl)-2-methoxyiminoacetyl]amino]-8-oxo-5-thia-1-azabicyclo[4.2.0]oct-2-ene-2-carboxylate",0
CO[C@H]1O[C@H](COS(=O)(=O)[O-])[C@@H](O[C@@H]2O[C@@H](C(=O)[O-])[C@@H](O[C@H]3O[C@H](COS(=O)(=O)[O-])[C@@H](O[C@@H]4O[C@H](C(=O)[O-])[C@@H](O[C@H]5O[C@H](COS(=O)(=O)[O-])[C@@H](O)[C@H](O)[C@H]5NS(=O)(=O)[O-])[C@H](O)[C@H]4O)[C@H](OS(=O)(=O)[O-])[C@H]3NS(=O)(=O)[O-])[C@H](O)[C@H]2OS(=O)(=O)[O-])[C@H](O)[C@H]1NS(=O)(=O)[O-],"(2S,3S,4R,5R,6R)-6-[(2R,3R,4R,5R,6R)-6-[(2R,3S,4S,5R,6R)-2-carboxylato-4-hydroxy-6-[(2R,3S,4R,5R,6S)-4-hydroxy-6-methoxy-5-(sulfonatoamino)-2-(sulfonatooxymethyl)oxan-3-yl]oxy-5-sulfonatooxyoxan-3-yl]oxy-5-(sulfonatoamino)-4-sulfonatooxy-2-(sulfonatooxymethyl)oxan-3-yl]oxy-3-[(2R,3R,4R,5S,6R)-4,5-dihydroxy-3-(sulfonatoamino)-6-(sulfonatooxymethyl)oxan-2-yl]oxy-4,5-dihydroxyoxane-2-carboxylate",0
CO[Si](C)(C)O[Si](C)(C)C,methoxy-dimethyl-trimethylsilyloxysilane,0
COC(CNC(=O)c1ccccc1OCC(=O)[O-])C[Hg]O,[3-[[2-(carboxylatomethoxy)benzoyl]amino]-2-methoxypropyl]mercury;hydrate,0
COC(CNC(N)=O)C[Hg]Cl,[3-(carbamoylamino)-2-methoxypropyl]-chloromercury,0
COC(=O)[C@H](c1ccccc1)[C@H]1CCCC[NH2+]1,methyl (2R)-2-phenyl-2-[(2R)-piperidin-1-ium-2-yl]acetate,0
COC(=O)[C@H](c1ccccc1Cl)[NH+]1CCc2sccc2C1,"methyl (2S)-2-(2-chlorophenyl)-2-(4,5,6,7-tetrahydrothieno[3,2-c]pyridin-5-ium-5-yl)acetate",0
COC(=O)C(c1ccccc1)C1CCCC[NH2+]1,methyl 2-phenyl-2-piperidin-1-ium-2-ylacetate,0
COC(=O)CCC(=O)C[NH3+],"(5-methoxy-2,5-dioxopentyl)azanium",0
COc1ncnc([N-]S(=O)(=O)c2ccc(N)cc2)c1OC,"(4-aminophenyl)sulfonyl-(5,6-dimethoxypyrimidin-4-yl)azanide",0
COc1c(N2C[C@@H]3CCC[NH2+][C@@H]3C2)c(F)cc2c(=O)c(C(=O)[O-])cn(C3CC3)c12,"7-[(4aS,7aS)-1,2,3,4,4a,5,7,7a-octahydropyrrolo[3,4-b]pyridin-1-ium-6-yl]-1-cyclopropyl-6-fluoro-8-methoxy-4-oxoquinoline-3-carboxylate",0
COc1cc(N)c(Cl)cc1C(=O)NC1CC[NH+](CCCOc2ccc(F)cc2)CC1OC,4-amino-5-chloro-N-[1-[3-(4-fluorophenoxy)propyl]-3-methoxypiperidin-1-ium-4-yl]-2-methoxybenzamide,0
COC1=CC(=O)OC(/C=C/C2=CCCC=C2)C1,"2-[(E)-2-cyclohexa-1,5-dien-1-ylethenyl]-4-methoxy-2,3-dihydropyran-6-one",1
COc1cc2c(cc1OC)C(=O)C(CC1CC[NH+](Cc3ccccc3)CC1)C2,"2-[(1-benzylpiperidin-1-ium-4-yl)methyl]-5,6-dimethoxy-2,3-dihydroinden-1-one",0
COc1cc2ncnc(Nc3ccc(F)c(Cl)c3)c2cc1OCCC[NH+]1CCOCC1,N-(3-chloro-4-fluorophenyl)-7-methoxy-6-(3-morpholin-4-ium-4-ylpropoxy)quinazolin-4-amine,0
COc1ccc(OC)c(C(O)CNC(=O)C[NH3+])c1,"[2-[[2-(2,5-dimethoxyphenyl)-2-hydroxyethyl]amino]-2-oxoethyl]azanium",0
COc1ccc(Cl)cc1C(=O)NCCc1ccc(S(=O)(=O)[N-]C(=O)NC2CCCCC2)cc1,N-[4-[2-[(5-chloro-2-methoxybenzoyl)amino]ethyl]phenyl]sulfonyl-N'-cyclohexylcarbamimidate,0
COc1ccc(-c2ccc3cc(C(=O)[O-])ccc3c2)cc1C12CC3CC(CC(C3)C1)C2,6-[3-(1-adamantyl)-4-methoxyphenyl]naphthalene-2-carboxylate,0
COC(=O)[C@H]1[C@H]2C[C@@H]3c4[nH]c5cc(OC)ccc5c4CC[NH+]3C[C@H]2C[C@@H](OC(=O)c2cc(OC)c(OC)c(OC)c2)[C@@H]1OC,"methyl (1R,15S,17R,18R,19S,20S)-6,18-dimethoxy-17-(3,4,5-trimethoxybenzoyl)oxy-3,11,12,13,14,15,16,17,18,19,20,21-dodecahydro-1H-yohimban-13-ium-19-carboxylate",0
C=C[C@H]1C[NH+]2CC[C@H]1C[C@H]2[C@H](O)c1ccnc2ccc(OC)cc12,"(R)-[(2S,4S,5R)-5-ethenyl-1-azoniabicyclo[2.2.2]octan-2-yl]-(6-methoxyquinolin-4-yl)methanol",0
COc1ccccc1OCC[NH2+]CC(O)COc1cccc2[nH]c3ccccc3c12,[3-(9H-carbazol-4-yloxy)-2-hydroxypropyl]-[2-(2-methoxyphenoxy)ethyl]azanium,0
COc1cnc([N-]S(=O)(=O)c2ccc(N)cc2)nc1,(4-aminophenyl)sulfonyl-(5-methoxypyrimidin-2-yl)azanide,0
COCCCC/C(=N\OCC[NH3+])c1ccc(C(F)(F)F)cc1,2-[(E)-[5-methoxy-1-[4-(trifluoromethyl)phenyl]pentylidene]amino]oxyethylazanium,0
Nc1ncnc2c1ncn2CCOC[P@@]1(=O)OCC[C@@H](c2cccc(Cl)c2)O1,"9-[2-[[(2R,4S)-4-(3-chlorophenyl)-2-oxo-1,3,2lambda5-dioxaphosphinan-2-yl]methoxy]ethyl]purin-6-amine",1
O=[32P]([O-])([O-])O,hydroxy-dioxido-oxo-(32P)lambda5-phosphane,0
O=[Si](O)O,dihydroxy(oxo)silane,0
O=[Ti]=O,dioxotitanium,0
[O-][Cl+3]([O-])([O-])O,perchloric acid,0
